ID,HRinfo ID,RW ID,m49 numerical code,FTS API ID,Appears in UNTERM list,Appears in DGACM list,Independent,Deprecated,ISO 3166-1 Alpha 2-Codes,ISO 3166-1 Alpha 3-Codes,x Alpha2 codes,x Alpha3 codes,Preferred Term,m49 Alt Term,ISO Alt Term,DGACM Alt Term,FTS Alt Term,HRinfo Alt Term,RW Short Name,RW API Alt Term,English Short,French Short,Spanish Short,Russian Short,Chinese Short,Arabic Short,English Formal,Admin Level,Latitude,Longitude,Region Code,Region Name,Sub-region Code,Sub-region Name,Intermediate Region Code,Intermediate Region Name,Regex,World Bank Income Level,Currency,Reference Period Start,Concatenation
#meta +id,#country +code +v_hrinfo_country,#country +code +v_reliefweb,#country +code +num +v_m49,#country +code +v_fts,,,#meta+independent+bool,#meta+deprecated+bool,#country +code +v_iso2,#country +code +v_iso3,,,#country +name +preferred,#country +name +alt +v_m49,#country +name +alt +v_iso,#country +name +alt +v_dgacm,#country +name +alt +v_fts,#country +name +alt +v_hrinfo_country,#country +name +short +v_reliefweb,#country +name +alt +v_reliefweb,#country +name +i_en +alt +v_unterm,#country +name +i_fr +alt +v_unterm,#country +name +i_es +alt +v_unterm,#country +name +i_ru +alt +v_unterm,#country +name +i_zh +alt +v_unterm,#country +name +i_ar +alt +v_unterm,#country +name +i_en +formal +v_unterm,#geo +admin_level,#geo +lat,#geo +lon,#region +main +code,#region +main +name +preferred,#region +sub +code,#region +sub +name +preferred,#region +intermediate +code,#region +intermediate +name +preferred,#country +regex,#indicator+incomelevel,#currency +code,#date+start,
1,181,13,4,1,Y,Y,Y,N,AF,AFG,,,Afghanistan,,,,,,,,Afghanistan,Afghanistan (l'),Afganistán (el),Афганистан,阿富汗,أفغانستان,the Islamic Republic of Afghanistan,0,33.83147477,66.02621828,142,Asia,34,Southern Asia,,,afghan,Low,AFN,2004-01-26,1 - Afghanistan
2,182,14,248,2,,,N,N,AX,ALA,,,Åland Islands,,,,,,,Aland Islands (Finland),Åland Islands,,,,,,,0,,,150,Europe,154,Northern Europe,,,\b(a|å)land,,EUR,2004-02-13,2 - Åland Islands
3,183,15,8,3,Y,Y,Y,N,AL,ALB,,,Albania,,,,,,,,Albania,Albanie (l'),Albania,Албания,阿尔巴尼亚,ألبانيا,the Republic of Albania,0,41.13180899,20.06882519,150,Europe,39,Southern Europe,,,albania,Upper middle,ALL,1974-01-01,3 - Albania
4,184,16,12,4,Y,Y,Y,N,DZ,DZA,,,Algeria,,,,,,,,Algeria,Algérie (l'),Argelia,Алжир,阿尔及利亚,الجزائر,the People's Democratic Republic of Algeria,0,28.16474462,2.63351219,2,Africa,15,Northern Africa,,,algeria,Lower middle,DZD,1974-01-01,4 - Algeria
5,185,17,16,5,,,N,N,AS,ASM,,,American Samoa,,,,,,,,American Samoa,,,,,,,0,-14.30440488,-170.70783,9,Oceania,61,Polynesia,,,^(?=.*americ).*samoa,High,USD,1974-01-01,5 - American Samoa
6,186,18,20,6,Y,Y,Y,N,AD,AND,,,Andorra,,,,,,,,Andorra,Andorre (l'),Andorra,Андорра,安道尔,أندورا,the Principality of Andorra,0,42.55527067,1.578938861,150,Europe,39,Southern Europe,,,andorra,High,EUR,1994-01-26,6 - Andorra
7,187,19,24,7,Y,Y,Y,N,AO,AGO,,,Angola,,,,,,,,Angola,Angola (l'),Angola,Ангола,安哥拉,أنغولا,the Republic of Angola,0,-12.3755731,17.59867248,2,Africa,202,Sub-Saharan Africa,17,Middle Africa,angola,Lower middle,AOA,1993-07-02,7 - Angola
8,188,20,660,8,,,N,N,AI,AIA,,,Anguilla,,,,Anguilla (United Kingdom),,,,Anguilla,,,,,,,0,18.22301491,-63.06006462,19,Americas,419,Latin America and the Caribbean,29,Caribbean,anguill?a,,XCD,1985-01-01,8 - Anguilla
9,189,,10,9,,,N,N,AQ,ATA,,,Antarctica,,,,,,,,Antarctica,,,,,,,0,-80.45066299,21.43458373,,,,,,,antarctica,,,1983-01-01,9 - Antarctica
10,190,21,28,10,Y,Y,Y,N,AG,ATG,,,Antigua and Barbuda,,,,,,,,Antigua and Barbuda,Antigua-et-Barbuda,Antigua y Barbuda,Антигуа и Барбуда,安提瓜和巴布达,أنتيغوا وبربودا,Antigua and Barbuda,0,17.07120733,-61.79815058,19,Americas,419,Latin America and the Caribbean,29,Caribbean,antigua,High,XCD,1974-01-01,10 - Antigua and Barbuda
11,191,22,32,11,Y,Y,Y,N,AR,ARG,,,Argentina,,,,,,,,Argentina,Argentine (l'),Argentina (la),Аргентина,阿根廷,الأرجنتين,the Argentine Republic,0,-34.98567234,-65.12225892,19,Americas,419,Latin America and the Caribbean,5,South America,argentin,Upper middle,ARS,1974-01-01,11 - Argentina
12,192,23,51,12,Y,Y,Y,N,AM,ARM,,,Armenia,,,,,Republic of Armenia,,,Armenia,Arménie (l'),Armenia,Армения,亚美尼亚,أرمينيا,the Republic of Armenia,0,40.29202499,44.9429026,142,Asia,145,Western Asia,,,armenia,Upper middle,AMD,1992-06-15,12 - Armenia
13,193,24,533,13,,,N,N,AW,ABW,,,Aruba,,,,,,,Aruba (The Netherlands),Aruba,,,,,,,0,12.5156546,-69.9757266,19,Americas,419,Latin America and the Caribbean,29,Caribbean,^(?!.*bonaire).*\baruba,High,AWG,1986-01-01,13 - Aruba
14,194,25,36,14,Y,Y,Y,N,AU,AUS,,,Australia,,,,,,,,Australia,Australie (l'),Australia,Австралия,澳大利亚,أستراليا,Australia,0,-25.40546125,134.2181189,9,Oceania,53,Australia and New Zealand,,,australia,High,AUD,1974-01-01,14 - Australia
15,195,26,40,15,Y,Y,Y,N,AT,AUT,,,Austria,,,,,,,,Austria,Autriche (l'),Austria,Австрия,奥地利,النمسا,the Republic of Austria,0,47.59086187,14.13920086,150,Europe,155,Western Europe,,,austria,High,EUR,1974-01-01,15 - Austria
16,196,27,31,16,Y,Y,Y,N,AZ,AZE,,,Azerbaijan,,,,,,,,Azerbaijan,Azerbaïdjan (l'),Azerbaiyán,Азербайджан,阿塞拜疆,أذربيجان,the Republic of Azerbaijan,0,40.42670781,47.80669468,142,Asia,145,Western Asia,,,azerbaijan,Upper middle,AZN,1992-06-15,16 - Azerbaijan
17,197,29,44,17,Y,Y,Y,N,BS,BHS,,,Bahamas,,Bahamas (the),,,,,,Bahamas,Bahamas (les),Bahamas (las),Багамские Острова,巴哈马,جزر البهاما,the Commonwealth of the Bahamas,0,25.90317684,-78.61665744,19,Americas,419,Latin America and the Caribbean,29,Caribbean,bahamas,High,BSD,1974-01-01,17 - Bahamas
18,198,30,48,18,Y,Y,Y,N,BH,BHR,,,Bahrain,,,,,,,,Bahrain,Bahreïn,Bahrein,Бахрейн,巴林,البحرين,the Kingdom of Bahrain,0,26.05396006,50.53486327,142,Asia,145,Western Asia,,,bahrain,High,BHD,1974-01-01,18 - Bahrain
19,199,31,50,19,Y,Y,Y,N,BD,BGD,,,Bangladesh,,,,,,,,Bangladesh,Bangladesh (le),Bangladesh,Бангладеш,孟加拉国,بنغلاديش,the People's Republic of Bangladesh,0,23.88207427,90.24107264,142,Asia,34,Southern Asia,,,bangladesh|^(?=.*east).*paki?stan,Lower middle,BDT,1974-01-01,19 - Bangladesh
20,200,32,52,20,Y,Y,Y,N,BB,BRB,,,Barbados,,,,,,,,Barbados,Barbade (la),Barbados,Барбадос,巴巴多斯,بربادوس,Barbados,0,13.184952,-59.55382245,19,Americas,419,Latin America and the Caribbean,29,Caribbean,barbados,High,BBD,1974-01-01,20 - Barbados
21,201,33,112,21,Y,Y,Y,N,BY,BLR,,,Belarus,,,,,,,,Belarus,Bélarus (le),Belarús,Беларусь,白俄罗斯,بيلاروس,the Republic of Belarus,0,53.53965016,28.04932937,150,Europe,151,Eastern Europe,,,belarus|byelo,Upper middle,BYN,1992-06-15,21 - Belarus
22,202,34,56,22,Y,Y,Y,N,BE,BEL,,,Belgium,,,,,,,,Belgium,Belgique (la),Bélgica,Бельгия,比利时,بلجيكا,the Kingdom of Belgium,0,50.64206011,4.658786236,150,Europe,155,Western Europe,,,^(?!.*luxem).*belgium,High,EUR,1974-01-01,22 - Belgium
23,203,35,84,23,Y,Y,Y,N,BZ,BLZ,,,Belize,,,,,,,,Belize,Belize (le),Belice,Белиз,伯利兹,بليز,Belize,0,17.20829609,-88.69988922,19,Americas,419,Latin America and the Caribbean,13,Central America,belize|^(?=.*british).*honduras,Upper middle,BZD,1974-01-01,23 - Belize
24,204,36,204,24,Y,Y,Y,N,BJ,BEN,,,Benin,,,,,,,,Benin,Bénin (le),Benin,Бенин,贝宁,بنن,the Republic of Benin,0,9.642665015,2.342864021,2,Africa,202,Sub-Saharan Africa,11,Western Africa,benin|dahome,Lower middle,XOF,1977-01-01,24 - Benin
25,205,37,60,25,,,N,N,BM,BMU,,,Bermuda,,,,,,,,Bermuda,,,,,,,0,32.31605051,-64.73984042,19,Americas,21,Northern America,,,bermuda,High,BMD,1974-01-01,25 - Bermuda
26,206,38,64,26,Y,Y,Y,N,BT,BTN,,,Bhutan,,,,,,,,Bhutan,Bhoutan (le),Bhután,Бутан,不丹,بوتان,the Kingdom of Bhutan,0,27.41443467,90.43085885,142,Asia,34,Southern Asia,,,bhutan,Lower middle,BTN,1974-01-01,26 - Bhutan
27,207,39,68,27,Y,Y,Y,N,BO,BOL,,,Bolivia (Plurinational State of),,,,"Bolivia, Plurinational State of","Bolivia, Plurinational State of",Bolivia,,Bolivia (Plurinational State of),Bolivie (État plurinational de),Bolivia (Estado Plurinacional de),Боливия (Многонациональное Государство),多民族玻利维亚国,بوليفيا (دولة - المتعددة القوميات),the Plurinational State of Bolivia,0,-16.71483757,-64.66829843,19,Americas,419,Latin America and the Caribbean,5,South America,bolivia,Lower middle,BOB,2009-05-08,27 - Bolivia (Plurinational State of)
28,208,40,70,28,Y,Y,Y,N,BA,BIH,,,Bosnia and Herzegovina,,,,,,,,Bosnia and Herzegovina,Bosnie-Herzégovine (la),Bosnia y Herzegovina,Босния и Герцеговина,波斯尼亚和黑塞哥维那,البوسنة والهرسك,Bosnia and Herzegovina,0,44.16506495,17.79105724,150,Europe,39,Southern Europe,,,herzegovina|bosnia,Upper middle,BAM,1993-01-01,28 - Bosnia and Herzegovina
29,209,14894,535,29,,,N,N,BQ,BES,,,"Bonaire, Sint Eustatius and Saba",,,,"Bonaire, Saint Eustatius and Saba (The Netherlands)",,,"Bonaire, Saint Eustatius and Saba (The Netherlands)","Bonaire, Sint Eustatius and Saba",,,,,,,0,,,19,Americas,419,Latin America and the Caribbean,29,Caribbean,^(?=.*bonaire).*eustatius|^(?=.*carib).*netherlands|\bbes.?islands,,USD,2011-06-12,"29 - Bonaire, Sint Eustatius and Saba"
30,210,41,72,30,Y,Y,Y,N,BW,BWA,,,Botswana,,,,,,,,Botswana,Botswana (le),Botswana,Ботсвана,博茨瓦纳,بوتسوانا,the Republic of Botswana,0,-22.17991766,23.81673035,2,Africa,202,Sub-Saharan Africa,18,Southern Africa,botswana|bechuana,Upper middle,BWP,1974-01-01,30 - Botswana
31,211,,74,31,,,N,N,BV,BVT,,,Bouvet Island,,,,,,,,Bouvet Island,,,,,,,0,-54.42190835,3.412516924,19,Americas,419,Latin America and the Caribbean,5,South America,bouvet,,NOK,1974-01-01,31 - Bouvet Island
32,212,42,76,32,Y,Y,Y,N,BR,BRA,,,Brazil,,,,,,,,Brazil,Brésil (le),Brasil (el),Бразилия,巴西,البرازيل,the Federative Republic of Brazil,0,-10.77518961,-53.09141767,19,Americas,419,Latin America and the Caribbean,5,South America,brazil,Upper middle,BRL,1974-01-01,32 - Brazil
33,213,,86,33,,,N,N,IO,IOT,,,British Indian Ocean Territory,,British Indian Ocean Territory (the),,,,,,British Indian Ocean Territory,,,,,,,0,-7.334186151,72.43402037,2,Africa,202,Sub-Saharan Africa,14,Eastern Africa,br.*indian.?ocean,,USD,1974-01-01,33 - British Indian Ocean Territory
34,214,44,96,34,Y,Y,Y,N,BN,BRN,,,Brunei Darussalam,,,,,,,,Brunei Darussalam,Brunéi Darussalam (le),Brunei Darussalam,Бруней-Даруссалам,文莱达鲁萨兰国,بروني دار السلام,Brunei Darussalam,0,4.439247073,114.4374636,142,Asia,35,South-eastern Asia,,,brunei,High,BND,1974-01-01,34 - Brunei Darussalam
35,215,45,100,35,Y,Y,Y,N,BG,BGR,,,Bulgaria,,,,,,,,Bulgaria,Bulgarie (la),Bulgaria,Болгария,保加利亚,بلغاريا,the Republic of Bulgaria,0,42.76069057,25.23572028,150,Europe,151,Eastern Europe,,,bulgaria,Upper middle,BGL,1974-01-01,35 - Bulgaria
36,216,46,854,36,Y,Y,Y,N,BF,BFA,,,Burkina Faso,,,,,,,,Burkina Faso,Burkina Faso (le),Burkina Faso,Буркина-Фасо,布基纳法索,بوركينا فاسو,Burkina Faso,0,12.27790144,-1.738649343,2,Africa,202,Sub-Saharan Africa,11,Western Africa,burkina|\bfaso|upper.?volta,Low,XOF,1984-01-01,36 - Burkina Faso
37,217,47,108,37,Y,Y,Y,N,BI,BDI,,,Burundi,,,,,,,,Burundi,Burundi (le),Burundi,Бурунди,布隆迪,بوروندي,the Republic of Burundi,0,-3.356208708,29.89200134,2,Africa,202,Sub-Saharan Africa,14,Eastern Africa,burundi,Low,BIF,1974-01-01,37 - Burundi
38,218,48,116,38,Y,Y,Y,N,KH,KHM,,,Cambodia,,,,,,,,Cambodia,Cambodge (le),Camboya,Камбоджа,柬埔寨,كمبوديا,the Kingdom of Cambodia,0,12.71583138,104.9221723,142,Asia,35,South-eastern Asia,,,cambodia|kampuchea|khmer|^p\.?r\.?k\.?$,Lower middle,KHR,1994-01-26,38 - Cambodia
39,219,49,120,39,Y,Y,Y,N,CM,CMR,,,Cameroon,,,,,,,,Cameroon,Cameroun (le),Camerún (el),Камерун,喀麦隆,الكاميرون,the Republic of Cameroon,0,5.68036831,12.74068837,2,Africa,202,Sub-Saharan Africa,17,Middle Africa,cameroon,Lower middle,XAF,1974-01-01,39 - Cameroon
40,220,50,124,40,Y,Y,Y,N,CA,CAN,,,Canada,,,,,,,,Canada,Canada (le),Canadá (el),Канада,加拿大,كندا,Canada,0,61.4126317,-98.23039804,19,Americas,21,Northern America,,,canada,High,CAD,1974-01-01,40 - Canada
41,221,52,132,41,Y,Y,Y,N,CV,CPV,,,Cabo Verde,,,,Cape Verde,,,,Cabo Verde,Cabo Verde,Cabo Verde,Кабо-Верде,佛得角,كابو فيردي,the Republic of Cabo Verde,0,17.52133998,-24.58506404,2,Africa,202,Sub-Saharan Africa,11,Western Africa,(cabo|cape) *verde,Lower middle,CVE,1974-01-01,41 - Cabo Verde
42,222,53,136,42,,,N,N,KY,CYM,,,Cayman Islands,,Cayman Islands (the),,,,,,Cayman Islands,,,,,,,0,19.31065556,-81.20426038,19,Americas,419,Latin America and the Caribbean,29,Caribbean,cayman,High,KYD,1974-01-01,42 - Cayman Islands
43,223,54,140,43,Y,Y,Y,N,CF,CAF,,,Central African Republic,,Central African Republic (the),,,,CAR,Central African Republic,Central African Republic,République centrafricaine (la),República Centroafricana (la),Центральноафриканская Республика,中非共和国,جمهورية أفريقيا الوسطى,the Central African Republic,0,6.570747926,20.48450088,2,Africa,202,Sub-Saharan Africa,17,Middle Africa,central.?african.?rep.*,Low,XAF,1974-01-01,43 - Central African Republic
44,224,55,148,44,Y,Y,Y,N,TD,TCD,,,Chad,,,,,,,,Chad,Tchad (le),Chad (el),Чад,乍得,تشاد,the Republic of Chad,0,15.35740495,18.66399556,2,Africa,202,Sub-Saharan Africa,17,Middle Africa,\bchad,Low,XAF,1974-01-01,44 - Chad
45,225,57,152,45,Y,Y,Y,N,CL,CHL,,,Chile,,,,,,,,Chile,Chili (le),Chile,Чили,智利,شيلي,the Republic of Chile,0,-37.68386885,-71.33321859,19,Americas,419,Latin America and the Caribbean,5,South America,\bchile,High,CLP,1974-01-01,45 - Chile
46,226,58,156,46,Y,Y,Y,N,CN,CHN,,,China,,,,,,,,China,Chine (la),China,Китай,中国,الصين,the People's Republic of China,0,36.67464756,103.8680636,142,Asia,30,Eastern Asia,,,^(?!repub)(?!taiwan)(?!hong.*kong)(?!macao).*china(?!.*hong.*kong)(?!.*macao)|^PRC$,Upper middle,CNY,1974-01-01,46 - China
47,227,62,162,47,,,N,N,CX,CXR,,,Christmas Island,,,,,,,Christmas Island (Australia),Christmas Island,,,,,,,0,-10.44411458,105.7036972,9,Oceania,53,Australia and New Zealand,,,christmas,,AUD,1974-01-01,47 - Christmas Island
48,228,63,166,48,,,N,N,CC,CCK,,,Cocos (Keeling) Islands,,Cocos (Keeling) Islands (the),,,,,Cocos (Keeling) Islands (Australia),Cocos (Keeling) Islands,,,,,,,0,-12.17127014,96.83690355,9,Oceania,53,Australia and New Zealand,,,\bcocos|keeling,,AUD,1974-01-01,48 - Cocos (Keeling) Islands
49,229,64,170,49,Y,Y,Y,N,CO,COL,,,Colombia,,,,,,,,Colombia,Colombie (la),Colombia,Колумбия,哥伦比亚,كولومبيا,the Republic of Colombia,0,3.897367041,-73.07080696,19,Americas,419,Latin America and the Caribbean,5,South America,colombia,Upper middle,COP,1974-01-01,49 - Colombia
50,230,65,174,50,Y,Y,Y,N,KM,COM,,,Comoros,,Comoros (the),,,,,,Comoros,Comores (les),Comoras (las),Коморские Острова,科摩罗,جزر القمر,the Union of the Comoros,0,-11.42407818,42.8293551,2,Africa,202,Sub-Saharan Africa,14,Eastern Africa,comoro,Lower middle,KMF,2003-01-14,50 - Comoros
51,231,66,178,51,Y,Y,Y,N,CG,COG,,,Congo,,Congo (the),,,,,,Congo,Congo (le),Congo (el),Конго,刚果,الكونغو,the Republic of the Congo,0,-0.83949506,15.22629207,2,Africa,202,Sub-Saharan Africa,17,Middle Africa,"^(?!.*\bdem)(?!.*\bdr)(?!.*kinshasa)(?!.*zaire)(?!.*belg)(?!.*l\w{1,2}opoldville)(?!.*free)(^rep.*).*\bcongo.*(?!.*\bdem)(?!.*\bdr).*|\bwest.*congo|^congo[,;\s]*(?!.*dem)rep.*?$|^congo$|\bcongo.*brazza.*",Lower middle,XAF,1974-01-01,51 - Congo
52,232,75,180,52,Y,Y,Y,N,CD,COD,,,Democratic Republic of the Congo,,Congo (the Democratic Republic of the),,"Congo, The Democratic Republic of the","Congo, Democratic Republic of the",DR Congo,Democratic Republic of the Congo,Democratic Republic of the Congo,République démocratique du Congo (la),República Democrática del Congo (la),Демократическая Республика Конго,刚果民主共和国,جمهورية الكونغو الديمقراطية,the Democratic Republic of the Congo,0,-2.876807692,23.65623593,2,Africa,202,Sub-Saharan Africa,17,Middle Africa,"\bdem.*congo|congo.*\bdem|congo.*\bdr|\bdr.*congo|\bd\.?r\.?c|\bd\.?r\.?o\.?c|\br\.?d\.?c|belgian.?congo|congo.?free.?state|kinshasa|zaire|l\w{1,2}opoldville|^the\ congo$|^RDC$|^DROC$|\bcongo.*dem.*",Low,CDF,1997-07-14,52 - Democratic Republic of the Congo
53,233,67,184,53,Y,,Y,N,CK,COK,,,Cook Islands,,Cook Islands (the),,,,,,Cook Islands,Îles Cook (les),Islas Cook (las),Острова Кука,库克群岛,جزر كوك,the Cook Islands,0,-20.14332999,-159.7599857,9,Oceania,61,Polynesia,,,\bcook,,NZD,1974-01-01,53 - Cook Islands
54,234,68,188,54,Y,Y,Y,N,CR,CRI,,,Costa Rica,,,,,,,,Costa Rica,Costa Rica (le),Costa Rica,Коста-Рика,哥斯达黎加,كوستاريكا,the Republic of Costa Rica,0,9.960735487,-84.18254176,19,Americas,419,Latin America and the Caribbean,13,Central America,costa.?rica,Upper middle,CRC,1974-01-01,54 - Costa Rica
55,235,69,384,55,Y,Y,Y,N,CI,CIV,,,Côte d'Ivoire,,,,,,,,Côte d'Ivoire,Côte d'Ivoire (la),Côte d’Ivoire,Кот-д’Ивуар,科特迪瓦,كوت ديفوار,the Republic of Côte d'Ivoire,0,7.630087005,-5.552402136,2,Africa,202,Sub-Saharan Africa,11,Western Africa,.*(ivoire|ivory),Lower middle,XOF,1974-01-01,55 - Côte d'Ivoire
56,236,70,191,56,Y,Y,Y,N,HR,HRV,,,Croatia,,,,,,,,Croatia,Croatie (la),Croacia,Хорватия,克罗地亚,كرواتيا,the Republic of Croatia,0,45.18877041,16.42353441,150,Europe,39,Southern Europe,,,croatia|hrvatska,High,HRK,1992-06-15,56 - Croatia
57,237,71,192,57,Y,Y,Y,N,CU,CUB,,,Cuba,,,,,,,,Cuba,Cuba,Cuba,Куба,古巴,كوبا,the Republic of Cuba,0,21.6053525,-78.90713844,19,Americas,419,Latin America and the Caribbean,29,Caribbean,\bcuba,Upper middle,CUP,1974-01-01,57 - Cuba
58,238,14893,531,58,,,N,N,CW,CUW,,,Curaçao,,,,,,,Curaçao (The Netherlands),Curaçao,,,,,,,0,,,19,Americas,419,Latin America and the Caribbean,29,Caribbean,\bcura(c|ç)ao,High,ANG,2010-12-15,58 - Curaçao
59,239,72,196,59,Y,Y,Y,N,CY,CYP,,,Cyprus,,,,,,,,Cyprus,Chypre,Chipre,Кипр,塞浦路斯,قبرص,the Republic of Cyprus,0,35.01941238,33.1666508,142,Asia,145,Western Asia,,,cyprus,High,EUR,1974-01-01,59 - Cyprus
60,240,73,203,60,Y,Y,Y,N,CZ,CZE,,,Czechia,,,Czech Republic,Czech Republic,,,,Czechia,Tchéquie (la),Chequia,Чехия,捷克,تشيكيا,the Czech Republic,0,49.74240068,15.34943448,150,Europe,151,Eastern Europe,,,^(?=.*rep).*czech.*|czechia|bohemia|.*czech.*,High,CZK,2016-08-29,60 - Czechia
61,241,76,208,61,Y,Y,Y,N,DK,DNK,,,Denmark,,,,,,,,Denmark,Danemark (le),Dinamarca,Дания,丹麦,الدانمرك,the Kingdom of Denmark,0,56.06439188,9.942213684,150,Europe,154,Northern Europe,,,denmark,High,DKK,1974-01-01,61 - Denmark
62,242,77,262,62,Y,Y,Y,N,DJ,DJI,,,Djibouti,,,,,,,,Djibouti,Djibouti,Djibouti,Джибути,吉布提,جيبوتي,the Republic of Djibouti,0,11.74658946,42.58022315,2,Africa,202,Sub-Saharan Africa,14,Eastern Africa,djibouti,Lower middle,DJF,1977-01-01,62 - Djibouti
63,243,78,212,63,Y,Y,Y,N,DM,DMA,,,Dominica,,,,,,,,Dominica,Dominique (la),Dominica,Доминика,多米尼克,دومينيكا,the Commonwealth of Dominica,0,15.42468124,-61.36047599,19,Americas,419,Latin America and the Caribbean,29,Caribbean,dominica(?!n),Upper middle,XCD,1974-01-01,63 - Dominica
64,244,79,214,64,Y,Y,Y,N,DO,DOM,,,Dominican Republic,,Dominican Republic (the),,,,Dominican Rep.,,Dominican Republic,République dominicaine (la),República Dominicana (la),Доминиканская Республика,多米尼加共和国,الجمهورية الدومينيكية,the Dominican Republic,0,18.89453409,-70.49429315,19,Americas,419,Latin America and the Caribbean,29,Caribbean,dominican,Upper middle,DOP,1974-01-01,64 - Dominican Republic
65,245,81,218,65,Y,Y,Y,N,EC,ECU,,,Ecuador,,,,,,,,Ecuador,Équateur (l'),Ecuador (el),Эквадор,厄瓜多尔,إكوادور,the Republic of Ecuador,0,-1.464036749,-78.05190165,19,Americas,419,Latin America and the Caribbean,5,South America,ecuador,Upper middle,USD,1974-01-01,65 - Ecuador
66,246,82,818,66,Y,Y,Y,N,EG,EGY,,,Egypt,,,,,,,,Egypt,Égypte (l'),Egipto,Египет,埃及,مصر,the Arab Republic of Egypt,0,26.55281781,29.78562814,2,Africa,15,Northern Africa,,,egypt,Lower middle,EGP,1974-01-01,66 - Egypt
67,247,83,222,67,Y,Y,Y,N,SV,SLV,,,El Salvador,,,,,,,,El Salvador,El Salvador,El Salvador,Сальвадор,萨尔瓦多,السلفادور,the Republic of El Salvador,0,13.72764125,-88.86315324,19,Americas,419,Latin America and the Caribbean,13,Central America,el.?salvador,Upper middle,USD,1974-01-01,67 - El Salvador
68,248,84,226,68,Y,Y,Y,N,GQ,GNQ,,,Equatorial Guinea,,,,,,,,Equatorial Guinea,Guinée équatoriale (la),Guinea Ecuatorial,Экваториальная Гвинея,赤道几内亚,غينيا الاستوائية,the Republic of Equatorial Guinea,0,1.412936146,10.61572825,2,Africa,202,Sub-Saharan Africa,17,Middle Africa,guine.*eq|eq.*guine|^(?=.*span).*guinea,Upper middle,XAF,1974-01-01,68 - Equatorial Guinea
69,249,85,232,69,Y,Y,Y,N,ER,ERI,,,Eritrea,,,,,,,,Eritrea,Érythrée (l'),Eritrea,Эритрея,厄立特里亚,إريتريا,the State of Eritrea,0,15.37695899,38.82792338,2,Africa,202,Sub-Saharan Africa,14,Eastern Africa,eritrea,Low,ERN,2012-08-02,69 - Eritrea
70,250,86,233,70,Y,Y,Y,N,EE,EST,,,Estonia,,,,,,,,Estonia,Estonie (l'),Estonia,Эстония,爱沙尼亚,إستونيا,the Republic of Estonia,0,58.70758667,26.168216,150,Europe,154,Northern Europe,,,estonia,High,EUR,1992-06-15,70 - Estonia
71,251,87,231,71,Y,Y,Y,N,ET,ETH,,,Ethiopia,,,,,,,,Ethiopia,Éthiopie (l'),Etiopía,Эфиопия,埃塞俄比亚,إثيوبيا,the Federal Democratic Republic of Ethiopia,0,8.633664665,39.61587345,2,Africa,202,Sub-Saharan Africa,14,Eastern Africa,ethiopia|abyssinia,Low,ETB,1993-07-16,71 - Ethiopia
72,252,88,238,72,,,N,N,FK,FLK,,,Falkland Islands (Malvinas),,Falkland Islands (the) [Malvinas],,,,,Falkland Islands (Malvinas),Falkland Islands,,,,,,,0,-51.7638724,-55.8098409,19,Americas,419,Latin America and the Caribbean,5,South America,falkland|malvinas,,FKP,1974-01-01,72 - Falkland Islands (Malvinas)
73,253,89,234,73,,,N,N,FO,FRO,,,Faroe Islands,,Faroe Islands (the),,,,,Faroe Islands (Denmark),Faroe Islands,,,,,,,0,61.64924758,-6.548553177,150,Europe,154,Northern Europe,,,faroe|faeroe,High,DKK,1974-01-01,73 - Faroe Islands
74,254,90,242,74,Y,Y,Y,N,FJ,FJI,,,Fiji,,,,,,,,Fiji,Fidji (les),Fiji,Фиджи,斐济,فيجي,the Republic of Fiji,0,-19.0190607,195.3435043,9,Oceania,54,Melanesia,,,fiji,Upper middle,FJD,2011-06-12,74 - Fiji
75,255,91,246,75,Y,Y,Y,N,FI,FIN,,,Finland,,,,,,,,Finland,Finlande (la),Finlandia,Финляндия,芬兰,فنلندا,the Republic of Finland,0,64.52173893,26.29452799,150,Europe,154,Northern Europe,,,finland,High,EUR,1974-01-01,75 - Finland
76,256,92,250,76,Y,Y,Y,N,FR,FRA,,,France,,,,,,,,France,France (la),Francia,Франция,法国,فرنسا,the French Republic,0,46.6984015,2.350055968,150,Europe,155,Western Europe,,,^(?!.*\bdep).*france|french.?republic|\bgaul,High,EUR,1974-01-01,76 - France
77,257,93,254,77,,,N,N,GF,GUF,,,French Guiana,,,,,,,French Guiana (France),French Guiana,,,,,,,0,3.928100844,-53.24266781,19,Americas,419,Latin America and the Caribbean,5,South America,^(?=.*french).*guiana|guiana,,EUR,1974-01-01,77 - French Guiana
78,258,94,258,78,,,N,N,PF,PYF,,,French Polynesia,,,,,,,French Polynesia (France),French Polynesia,,,,,,,0,-24.06211632,-156.7187297,9,Oceania,61,Polynesia,,,french.?polynesia,High,XPF,1974-01-01,78 - French Polynesia
79,259,,260,79,,,N,N,TF,ATF,,,French Southern Territories,,French Southern Territories (the),,,,,,French Southern Territories,,,,,,,0,-49.32257975,69.49884805,2,Africa,202,Sub-Saharan Africa,14,Eastern Africa,french.?southern|\bfr.*\bso.*\ban.*\b\bt,,EUR,1979-01-01,79 - French Southern Territories
80,260,96,266,80,Y,Y,Y,N,GA,GAB,,,Gabon,,,,,,,,Gabon,Gabon (le),Gabón (el),Габон,加蓬,غابون,the Gabonese Republic,0,-0.595400581,11.79997877,2,Africa,202,Sub-Saharan Africa,17,Middle Africa,gabon,Upper middle,XAF,1974-01-01,80 - Gabon
81,261,98,270,81,Y,Y,Y,N,GM,GMB,,,Gambia,,Gambia (the),,Gambia,,,,Gambia,Gambie (la),Gambia,Гамбия,冈比亚,غامبيا,the Republic of the Gambia,0,13.44470328,-15.44718402,2,Africa,202,Sub-Saharan Africa,11,Western Africa,gambia,Low,GMD,1974-01-01,81 - Gambia
82,262,100,268,82,Y,Y,Y,N,GE,GEO,,,Georgia,,,,,,,,Georgia,Géorgie (la),Georgia,Грузия,格鲁吉亚,جورجيا,Georgia,0,42.17290221,43.5117089,142,Asia,145,Western Asia,,,^(?!.*south).*georgia(?!.*US.*),Upper middle,GEL,1992-08-28,82 - Georgia
83,263,101,276,83,Y,Y,Y,N,DE,DEU,,,Germany,,,,,,,,Germany,Allemagne (l'),Alemania,Германия,德国,ألمانيا,the Federal Republic of Germany,0,51.08227882,10.37515859,150,Europe,155,Western Europe,,,"^(?!e|w)(fed)?.*germany(?!,? *e|,? *w)(,? *)(\bfed)?",High,EUR,1990-10-30,83 - Germany
84,264,102,288,84,Y,Y,Y,N,GH,GHA,,,Ghana,,,,,,,,Ghana,Ghana (le),Ghana,Гана,加纳,غانا,the Republic of Ghana,0,7.956118608,-1.209564758,2,Africa,202,Sub-Saharan Africa,11,Western Africa,ghana|gold.?coast,Lower middle,GHS,1974-01-01,84 - Ghana
85,265,103,292,85,,,N,N,GI,GIB,,,Gibraltar,,,,,,,,Gibraltar,,,,,,,0,36.13872267,-5.34508156,150,Europe,39,Southern Europe,,,gibraltar,High,GIP,1974-01-01,85 - Gibraltar
86,266,104,300,86,Y,Y,Y,N,GR,GRC,,,Greece,,,,,,,,Greece,Grèce (la),Grecia,Греция,希腊,اليونان,the Hellenic Republic,0,39.99547189,22.15714659,150,Europe,39,Southern Europe,,,greece|hellenic|hellas,High,EUR,1974-01-01,86 - Greece
87,267,105,304,87,,,N,N,GL,GRL,,,Greenland,,,,,,,Greenland (Denmark),Greenland,,,,,,,0,74.714673,-41.37858526,19,Americas,21,Northern America,,,greenland,High,DKK,1974-01-01,87 - Greenland
88,268,106,308,88,Y,Y,Y,N,GD,GRD,,,Grenada,,,,,,,,Grenada,Grenade (la),Granada,Гренада,格林纳达,غرينادا,Grenada,0,12.11295969,-61.67937955,19,Americas,419,Latin America and the Caribbean,29,Caribbean,grenada,Upper middle,XCD,1974-01-01,88 - Grenada
89,269,107,312,89,,,N,N,GP,GLP,,,Guadeloupe,,,,Guadeloupe (France),,,Guadeloupe (France),Guadeloupe,,,,,,,0,16.40393131,-61.75296289,19,Americas,419,Latin America and the Caribbean,29,Caribbean,guadeloupe,,EUR,1974-01-01,89 - Guadeloupe
90,270,108,316,90,,,N,N,GU,GUM,,,Guam,,,,,,,,Guam,,,,,,,0,13.47185432,144.784677,9,Oceania,57,Micronesia,,,\bguam,High,USD,1974-01-01,90 - Guam
91,271,109,320,91,Y,Y,Y,N,GT,GTM,,,Guatemala,,,,,,,,Guatemala,Guatemala (le),Guatemala,Гватемала,危地马拉,غواتيمالا,the Republic of Guatemala,0,15.699081,-90.35850945,19,Americas,419,Latin America and the Caribbean,13,Central America,guatemala,Upper middle,GTQ,1974-01-01,91 - Guatemala
92,272,,831,92,,,N,N,GG,GGY,,,Guernsey,,,,,,,,Guernsey,,,,,,,0,,,150,Europe,154,Northern Europe,830,Channel Islands,guernsey,,GBP,2006-03-29,92 - Guernsey
93,273,110,324,93,Y,Y,Y,N,GN,GIN,,,Guinea,,,,,,,,Guinea,Guinée (la),Guinea,Гвинея,几内亚,غينيا,the Republic of Guinea,0,10.43642262,-10.95068301,2,Africa,202,Sub-Saharan Africa,11,Western Africa,^(?!.*eq)(?!.*span)(?!.*bissau)(?!.*pap)(?!.*new)(?!p.*n.*).*guinea,Lower middle,GNF,1974-01-01,93 - Guinea
94,274,111,624,94,Y,Y,Y,N,GW,GNB,,,Guinea-Bissau,,,,,,,,Guinea-Bissau,Guinée-Bissau (la),Guinea-Bissau,Гвинея-Бисау,几内亚比绍,غينيا - بيساو,the Republic of Guinea-Bissau,0,12.05479161,-14.94108332,2,Africa,202,Sub-Saharan Africa,11,Western Africa,^(.*portu).*guinea|guinea.*bissau,Low,XOF,1974-01-01,94 - Guinea-Bissau
95,275,112,328,95,Y,Y,Y,N,GY,GUY,,,Guyana,,,,,,,,Guyana,Guyana (le),Guyana,Гайана,圭亚那,غيانا,the Co-operative Republic of Guyana,0,4.800395012,-58.97699814,19,Americas,419,Latin America and the Caribbean,5,South America,guyana|british.?guiana,High,GYD,2018-10-11,95 - Guyana
96,276,113,332,96,Y,Y,Y,N,HT,HTI,,,Haiti,,,,,,,,Haiti,Haïti,Haití,Гаити,海地,هايتي,the Republic of Haiti,0,18.94164176,-72.65840205,19,Americas,419,Latin America and the Caribbean,29,Caribbean,(ha(i|\xef|\xc3\xaf)ti),Lower middle,HTG,1974-01-01,96 - Haiti
97,277,114,334,97,,,N,N,HM,HMD,,,Heard Island and McDonald Islands,,,,,,,Heard Island and McDonald Islands (Australia),Heard Island and McDonald Islands,,,,,,,0,-53.0998917,73.52881216,9,Oceania,53,Australia and New Zealand,,,heard.*mc.*donald,,AUD,1974-01-01,97 - Heard Island and McDonald Islands
98,278,115,336,98,Y,,Y,N,VA,VAT,,,Holy See,,Holy See (the),,Holy See (Vatican City State),Holy See (Vatican City State),,,Holy See,Saint-Siège (le),Santa Sede (la),Святой Престол,罗马教廷,الكرسي الرسولي,the Holy See,0,41.90336493,12.45225447,150,Europe,39,Southern Europe,,,holy.?see|vatican|papal.?st,,EUR,1996-04-03,98 - Holy See
99,279,116,340,99,Y,Y,Y,N,HN,HND,,,Honduras,,,,,,,,Honduras,Honduras (le),Honduras,Гондурас,洪都拉斯,هندوراس,the Republic of Honduras,0,14.80908243,-86.63495948,19,Americas,419,Latin America and the Caribbean,13,Central America,^(?!.*brit).*honduras,Lower middle,HNL,1974-01-01,99 - Honduras
100,280,59,344,100,,,N,N,HK,HKG,,,"China, Hong Kong Special Administrative Region",,Hong Kong,,Hong Kong,Hong Kong,,China - Hong Kong (Special Administrative Region),"China, Hong Kong Special Administrative Region",,,,,,,0,22.4216098,114.1539976,142,Asia,30,Eastern Asia,,,.*hong.*kong|hksar,High,HKD,1974-01-01,"100 - China, Hong Kong Special Administrative Region"
101,281,117,348,101,Y,Y,Y,N,HU,HUN,,,Hungary,,,,,,,,Hungary,Hongrie (la),Hungría,Венгрия,匈牙利,هنغاريا,Hungary,0,47.16567815,19.42172591,150,Europe,151,Eastern Europe,,,hungary,High,HUF,2012-02-15,101 - Hungary
102,282,118,352,102,Y,Y,Y,N,IS,ISL,,,Iceland,,,,,,,,Iceland,Islande (l'),Islandia,Исландия,冰岛,آيسلندا,Iceland,0,64.99668622,-18.61425416,150,Europe,154,Northern Europe,,,iceland,High,ISK,2022-10-20,102 - Iceland
103,283,119,356,103,Y,Y,Y,N,IN,IND,,,India,,,,,,,,India,Inde (l'),India (la),Индия,印度,الهند,the Republic of India,0,22.37137039,79.32792202,142,Asia,34,Southern Asia,,,^(?!\D*(?:bassas))\D*india(?!.*ocea)(?!na),Lower middle,INR,1975-01-01,103 - India
104,284,120,360,104,Y,Y,Y,N,ID,IDN,,,Indonesia,,,,,,,,Indonesia,Indonésie (l'),Indonesia,Индонезия,印度尼西亚,إندونيسيا,the Republic of Indonesia,0,-2.21433486,117.2844335,142,Asia,35,South-eastern Asia,,,indonesia,Upper middle,IDR,1974-01-01,104 - Indonesia
105,285,121,364,105,Y,Y,Y,N,IR,IRN,,,Iran (Islamic Republic of),,,,"Iran, Islamic Republic of","Iran, Islamic Republic of",Iran,,Iran (Islamic Republic of),Iran (République islamique d'),Irán (República Islámica del),Иран (Исламская Республика),伊朗伊斯兰共和国,إيران (جمهورية - الإسلامية),the Islamic Republic of Iran,0,32.57533772,54.2973284,142,Asia,34,Southern Asia,,,\biran|persia,Lower middle,IRR,1974-01-01,105 - Iran (Islamic Republic of)
106,286,122,368,106,Y,Y,Y,N,IQ,IRQ,,,Iraq,,,,,,,,Iraq,Iraq (l'),Iraq (el),Ирак,伊拉克,العراق,the Republic of Iraq,0,33.04497404,43.77207391,142,Asia,145,Western Asia,,,\biraq|mesopotamia,Upper middle,IQD,1974-01-01,106 - Iraq
107,287,123,372,107,Y,Y,Y,N,IE,IRL,,,Ireland,,,,,,,,Ireland,Irlande (l'),Irlanda,Ирландия,爱尔兰,أيرلندا,Ireland,0,53.16969376,-8.154213185,150,Europe,154,Northern Europe,,,^(?!.*north.*).*ireland,High,EUR,1974-01-01,107 - Ireland
108,288,124,833,108,,,N,N,IM,IMN,,,Isle of Man,,,,,,,Isle of Man (The United Kingdom of Great Britain and Northern Ireland),Isle of Man,,,,,,,0,,,150,Europe,154,Northern Europe,,,^(?=.*isle).*\bman,High,GBP,2006-03-29,108 - Isle of Man
109,289,125,376,109,Y,Y,Y,N,IL,ISR,,,Israel,,,,,,,,Israel,Israël,Israel,Израиль,以色列,إسرائيل,the State of Israel,0,31.33857325,34.96023155,142,Asia,145,Western Asia,,,israel,High,ILS,1974-01-01,109 - Israel
110,290,126,380,110,Y,Y,Y,N,IT,ITA,,,Italy,,,,,,,,Italy,Italie (l'),Italia,Италия,意大利,إيطاليا,the Republic of Italy,0,43.76610159,11.68396919,150,Europe,39,Southern Europe,,,.*italy|.*italia.*,High,EUR,1974-01-01,110 - Italy
111,291,127,388,111,Y,Y,Y,N,JM,JAM,,,Jamaica,,,,,,,,Jamaica,Jamaïque (la),Jamaica,Ямайка,牙买加,جامايكا,Jamaica,0,18.15206196,-77.31137184,19,Americas,419,Latin America and the Caribbean,29,Caribbean,jamaica,Upper middle,JMD,1974-01-01,111 - Jamaica
112,292,128,392,112,Y,Y,Y,N,JP,JPN,,,Japan,,,,,,,,Japan,Japon (le),Japón (el),Япония,日本,اليابان,Japan,0,37.63209801,138.0812256,142,Asia,30,Eastern Asia,,,japan,High,JPY,1974-01-01,112 - Japan
113,293,,832,113,,,N,N,JE,JEY,,,Jersey,,,,,,,,Jersey,,,,,,,0,,,150,Europe,154,Northern Europe,830,Channel Islands,^(?!.*new).*jersey,,GBP,2006-03-29,113 - Jersey
114,294,129,400,114,Y,Y,Y,N,JO,JOR,,,Jordan,,,,,,,,Jordan,Jordanie (la),Jordania,Иордания,约旦,الأردن,the Hashemite Kingdom of Jordan,0,31.25223934,36.78497101,142,Asia,145,Western Asia,,,jordan,Lower middle,JOD,1974-01-01,114 - Jordan
115,295,130,398,115,Y,Y,Y,N,KZ,KAZ,,,Kazakhstan,,,,,,,,Kazakhstan,Kazakhstan (le),Kazajstán,Казахстан,哈萨克斯坦,كازاخستان,the Republic of Kazakhstan,0,48.16011678,67.30440515,142,Asia,143,Central Asia,,,kazak,Upper middle,KZT,2002-05-20,115 - Kazakhstan
116,296,131,404,116,Y,Y,Y,N,KE,KEN,,,Kenya,,,,,,,,Kenya,Kenya (le),Kenya,Кения,肯尼亚,كينيا,the Republic of Kenya,0,0.529620946,37.85784174,2,Africa,202,Sub-Saharan Africa,14,Eastern Africa,kenya|british.?east.?africa|east.?africa.?prot,Lower middle,KES,1974-01-01,116 - Kenya
117,297,132,296,117,Y,Y,Y,N,KI,KIR,,,Kiribati,,,,,,,,Kiribati,Kiribati,Kiribati,Кирибати,基里巴斯,كيريباس,the Republic of Kiribati,0,1.844810739,-160.2677952,9,Oceania,57,Micronesia,,,kiribati,Lower middle,AUD,1984-01-01,117 - Kiribati
118,298,74,408,118,Y,Y,Y,N,KP,PRK,,,Democratic People's Republic of Korea,,Korea (the Democratic People's Republic of),,"Korea, Democratic People's Republic of",,DPRK,,Democratic People's Republic of Korea,République populaire démocratique de Corée (la),República Popular Democrática de Corea (la),Корейская Народно-Демократическая Республика,朝鲜民主主义人民共和国,جمهورية كوريا الشعبية الديمقراطية,the Democratic People's Republic of Korea,0,40.14251168,127.1828259,142,Asia,30,Eastern Asia,,,^(?=.*dem).*\bkorea|^(?=.*peo).*\bkorea|^(?=.*nor).*\bkorea|\bd\.?p\.?r\.|.*dpr.*|^(?=.*n\.).*\bkorea,Low,KPW,1974-01-01,118 - Democratic People's Republic of Korea
119,299,194,410,119,Y,Y,Y,N,KR,KOR,,,Republic of Korea,,Korea (the Republic of),,"Korea, Republic of","Korea, Republic of",,,Republic of Korea,République de Corée (la),República de Corea (la),Республика Корея,大韩民国,جمهورية كوريا,the Republic of Korea,0,36.52377792,127.8821461,142,Asia,30,Eastern Asia,,,^(?!.*dem)(?!.*peo)(?!.*nor)(?!.*n\.)(?!.*dpr)(?!d\.p\.r).*\bkorea|\br\.?o\.?k\b,High,KRW,1974-01-01,119 - Republic of Korea
120,300,133,414,120,Y,Y,Y,N,KW,KWT,,,Kuwait,,,,,,,,Kuwait,Koweït (le),Kuwait,Кувейт,科威特,الكويت,the State of Kuwait,0,29.29832118,47.53304536,142,Asia,145,Western Asia,,,kuwait,High,KWD,1974-01-01,120 - Kuwait
121,301,134,417,121,Y,Y,Y,N,KG,KGZ,,,Kyrgyzstan,,,,,,,,Kyrgyzstan,Kirghizistan (le),Kirguistán,Кыргызстан,吉尔吉斯斯坦,قيرغيزستان,the Kyrgyz Republic,0,41.46387775,74.55247592,142,Asia,143,Central Asia,,,kyrgyz|kirghiz,Lower middle,KGS,1993-07-25,121 - Kyrgyzstan
122,302,135,418,122,Y,Y,Y,N,LA,LAO,,,Lao People's Democratic Republic,,Lao People's Democratic Republic (the),,,,Lao PDR,,Lao People's Democratic Republic,République démocratique populaire lao (la),República Democrática Popular Lao (la),Лаосская Народно-Демократическая Республика,老挝人民民主共和国,جمهورية لاو الديمقراطية الشعبية,the Lao People's Democratic Republic,0,18.50518622,103.7662533,142,Asia,35,South-eastern Asia,,,\blaos?\b,Lower middle,LAK,1974-01-01,122 - Lao People's Democratic Republic
123,303,136,428,123,Y,Y,Y,N,LV,LVA,,,Latvia,,,,,,,,Latvia,Lettonie (la),Letonia,Латвия,拉脱维亚,لاتفيا,the Republic of Latvia,0,56.85765774,24.92335393,150,Europe,154,Northern Europe,,,latvia,High,EUR,1992-06-15,123 - Latvia
124,304,137,422,124,Y,Y,Y,N,LB,LBN,,,Lebanon,,,,,,,,Lebanon,Liban (le),Líbano (el),Ливан,黎巴嫩,لبنان,the Lebanese Republic,0,33.91995955,35.88513386,142,Asia,145,Western Asia,,,lebanon|lebanese,Lower middle,LBP,1974-01-01,124 - Lebanon
125,305,138,426,125,Y,Y,Y,N,LS,LSO,,,Lesotho,,,,,,,,Lesotho,Lesotho (le),Lesotho,Лесото,莱索托,ليسوتو,the Kingdom of Lesotho,0,-29.58448841,28.24105147,2,Africa,202,Sub-Saharan Africa,18,Southern Africa,lesotho|basuto,Lower middle,LSL,1974-01-01,125 - Lesotho
126,306,139,430,126,Y,Y,Y,N,LR,LBR,,,Liberia,,,,,,,,Liberia,Libéria (le),Liberia,Либерия,利比里亚,ليبريا,the Republic of Liberia,0,6.445498409,-9.307443775,2,Africa,202,Sub-Saharan Africa,11,Western Africa,liberia,Low,LRD,1974-01-01,126 - Liberia
127,307,140,434,127,Y,Y,Y,N,LY,LBY,,,Libya,,,,,,,,Libya,Libye (la),Libia,Ливия,利比亚,ليبيا,the State of Libya,0,27.04420762,18.02212777,2,Africa,15,Northern Africa,,,libya,Upper middle,LYD,2018-01-03,127 - Libya
128,308,141,438,128,Y,Y,Y,N,LI,LIE,,,Liechtenstein,,,,,,,,Liechtenstein,Liechtenstein (le),Liechtenstein,Лихтенштейн,列支敦士登,ليختنشتاين,the Principality of Liechtenstein,0,47.16457362,9.558885464,150,Europe,155,Western Europe,,,liechtenstein,High,CHF,1974-01-01,128 - Liechtenstein
129,309,142,440,129,Y,Y,Y,N,LT,LTU,,,Lithuania,,,,,,,,Lithuania,Lituanie (la),Lituania,Литва,立陶宛,ليتوانيا,the Republic of Lithuania,0,55.3344892,23.90739502,150,Europe,154,Northern Europe,,,lithuania,High,EUR,1992-06-15,129 - Lithuania
130,310,143,442,130,Y,Y,Y,N,LU,LUX,,,Luxembourg,,,,,,,,Luxembourg,Luxembourg (le),Luxemburgo,Люксембург,卢森堡,لكسمبرغ,the Grand Duchy of Luxembourg,0,49.77027091,6.08637699,150,Europe,155,Western Europe,,,^(?!.*belg).*luxem,High,EUR,1974-01-01,130 - Luxembourg
131,311,60,446,131,,,N,N,MO,MAC,,,"China, Macao Special Administrative Region",,Macao,,Macao,Macao,,China - Macau (Special Administrative Region),Macao,,,,,,,0,22.1985265,113.5450075,142,Asia,30,Eastern Asia,,,.*maca(o|u),High,MOP,1974-01-01,"131 - China, Macao Special Administrative Region"
132,312,229,807,132,Y,Y,Y,N,MK,MKD,,,North Macedonia,,,,"North Macedonia, Republic of","North Macedonia, Republic of",,the Republic of North Macedonia,North Macedonia,Macédoine du Nord (la),Macedonia del Norte,Северная Македония,北马其顿,مقدونيا الشمالية,the Republic of North Macedonia,0,41.59654823,21.69480535,150,Europe,39,Southern Europe,,,macedonia|^f\.?y\.?r\.?o\.?m\.?$,Upper middle,MKD,2019-02-14,132 - North Macedonia
133,313,144,450,133,Y,Y,Y,N,MG,MDG,,,Madagascar,,,,,,,,Madagascar,Madagascar,Madagascar,Мадагаскар,马达加斯加,مدغشقر,the Republic of Madagascar,0,-19.37969027,46.70406219,2,Africa,202,Sub-Saharan Africa,14,Eastern Africa,madagascar|malagasy,Low,MGA,1993-07-12,133 - Madagascar
134,314,146,454,134,Y,Y,Y,N,MW,MWI,,,Malawi,,,,,,,,Malawi,Malawi (le),Malawi,Малави,马拉维,ملاوي,the Republic of Malawi,0,-13.21991287,34.31171876,2,Africa,202,Sub-Saharan Africa,14,Eastern Africa,malawi|nyasa,Low,MWK,1974-01-01,134 - Malawi
135,315,147,458,135,Y,Y,Y,N,MY,MYS,,,Malaysia,,,,,,,,Malaysia,Malaisie (la),Malasia,Малайзия,马来西亚,ماليزيا,Malaysia,0,2.745185714,140.4915783,142,Asia,35,South-eastern Asia,,,malaysia,Upper middle,MYR,1974-01-01,135 - Malaysia
136,316,148,462,136,Y,Y,Y,N,MV,MDV,,,Maldives,,,,,,,,Maldives,Maldives (les),Maldivas,Мальдивские Острова,马尔代夫,ملديف,the Republic of Maldives,0,5.068606213,73.32614511,142,Asia,34,Southern Asia,,,maldive,Upper middle,MVR,1974-01-01,136 - Maldives
137,317,149,466,137,Y,Y,Y,N,ML,MLI,,,Mali,,,,,,,,Mali,Mali (le),Malí,Мали,马里,مالي,the Republic of Mali,0,17.34640627,-3.525051581,2,Africa,202,Sub-Saharan Africa,11,Western Africa,\bmali\b,Low,XOF,1974-01-01,137 - Mali
138,318,150,470,138,Y,Y,Y,N,MT,MLT,,,Malta,,,,,,,,Malta,Malte,Malta,Мальта,马耳他,مالطة,the Republic of Malta,0,35.90417953,14.42365795,150,Europe,39,Southern Europe,,,\bmalta,High,EUR,1974-01-01,138 - Malta
139,319,151,584,139,Y,Y,Y,N,MH,MHL,,,Marshall Islands,,Marshall Islands (the),,,,,,Marshall Islands,Îles Marshall (les),Islas Marshall (las),Маршалловы Острова,马绍尔群岛,جزر مارشال,the Republic of the Marshall Islands,0,9.499091883,169.0954645,9,Oceania,57,Micronesia,,,marshall,Upper middle,USD,1986-01-01,139 - Marshall Islands
140,320,152,474,140,,,N,N,MQ,MTQ,,,Martinique,,,,Martinique (France),,,Martinique (France),Martinique,,,,,,,0,14.65403719,-61.02842534,19,Americas,419,Latin America and the Caribbean,29,Caribbean,martinique,,EUR,1974-01-01,140 - Martinique
141,321,153,478,141,Y,Y,Y,N,MR,MRT,,,Mauritania,,,,,,,,Mauritania,Mauritanie (la),Mauritania,Мавритания,毛里塔尼亚,موريتانيا,the Islamic Republic of Mauritania,0,20.25780429,-10.33010275,2,Africa,202,Sub-Saharan Africa,11,Western Africa,mauritania,Lower middle,MRU,1974-01-01,141 - Mauritania
142,322,154,480,142,Y,Y,Y,N,MU,MUS,,,Mauritius,,,,,,,,Mauritius,Maurice,Mauricio,Маврикий,毛里求斯,موريشيوس,the Republic of Mauritius,0,-20.27530781,57.56676664,2,Africa,202,Sub-Saharan Africa,14,Eastern Africa,mauritius,Upper middle,MUR,1974-01-01,142 - Mauritius
143,323,155,175,143,,,N,N,YT,MYT,,,Mayotte,,,,,,,Mayotte (France),Mayotte,,,,,,,0,-12.81970382,45.13516865,2,Africa,202,Sub-Saharan Africa,14,Eastern Africa,mayotte,,EUR,1993-07-12,143 - Mayotte
144,324,156,484,144,Y,Y,Y,N,MX,MEX,,,Mexico,,,,,,,,Mexico,Mexique (le),México,Мексика,墨西哥,المكسيك,the United Mexican States,0,23.93832004,-102.5023164,19,Americas,419,Latin America and the Caribbean,13,Central America,^(?!.*new).*mexi(?!.*city),Upper middle,MXN,1974-01-01,144 - Mexico
145,325,157,583,145,Y,Y,Y,N,FM,FSM,,,Micronesia (Federated States of),,,,"Micronesia, Federated States of","Micronesia, Federated States of",Micronesia,,Micronesia (Federated States of),Micronésie (États fédérés de),Micronesia (Estados Federados de),Микронезия (Федеративные Штаты),密克罗尼西亚联邦,ميكرونيزيا (ولايات - الموحدة),the Federated States of Micronesia,0,6.879864281,158.2381178,9,Oceania,57,Micronesia,,,micronesia,Lower middle,USD,1992-04-19,145 - Micronesia (Federated States of)
146,326,158,498,146,Y,Y,Y,N,MD,MDA,,,Republic of Moldova,,Moldova (the Republic of),,"Moldova, Republic of","Moldova, Republic of",,Moldova,Republic of Moldova,République de Moldova (la),República de Moldova (la),Республика Молдова,摩尔多瓦共和国,جمهورية مولدوفا,the Republic of Moldova,0,47.19293174,28.47499987,150,Europe,151,Eastern Europe,,,moldov|b(a|e)ssarabia,Upper middle,MDL,2009-01-07,146 - Republic of Moldova
147,327,159,492,147,Y,Y,Y,N,MC,MCO,,,Monaco,,,,,,,,Monaco,Monaco,Mónaco,Монако,摩纳哥,موناكو,the Principality of Monaco,0,43.74830756,7.410882167,150,Europe,155,Western Europe,,,monaco,High,EUR,1974-01-01,147 - Monaco
148,328,160,496,148,Y,Y,Y,N,MN,MNG,,,Mongolia,,,,,,,,Mongolia,Mongolie (la),Mongolia,Монголия,蒙古,منغوليا,Mongolia,0,46.83576732,103.0813238,142,Asia,30,Eastern Asia,,,mongolia,Lower middle,MNT,1974-01-01,148 - Mongolia
149,329,161,499,149,Y,Y,Y,N,ME,MNE,,,Montenegro,,,,,,,,Montenegro,Monténégro (le),Montenegro,Черногория,黑山,الجبل الأسود,Montenegro,0,42.78905871,19.26989732,150,Europe,39,Southern Europe,,,^(?!.*serbia).*montenegro,Upper middle,EUR,2006-09-26,149 - Montenegro
150,330,162,500,150,,,N,N,MS,MSR,,,Montserrat,,,,,,,,Montserrat,,,,,,,0,16.73536624,-62.18693595,19,Americas,419,Latin America and the Caribbean,29,Caribbean,montserrat,,XCD,1974-01-01,150 - Montserrat
151,331,163,504,151,Y,Y,Y,N,MA,MAR,,,Morocco,,,,,,,,Morocco,Maroc (le),Marruecos,Марокко,摩洛哥,المغرب,the Kingdom of Morocco,0,31.8836769,-6.317283613,2,Africa,15,Northern Africa,,,morocco|\bmaroc,Lower middle,MAD,1974-01-01,151 - Morocco
152,332,164,508,152,Y,Y,Y,N,MZ,MOZ,,,Mozambique,,,,,,,,Mozambique,Mozambique (le),Mozambique,Мозамбик,莫桑比克,موزامبيق,the Republic of Mozambique,0,-17.2617763,35.55202528,2,Africa,202,Sub-Saharan Africa,14,Eastern Africa,mozambique,Low,MZM,1974-01-01,152 - Mozambique
153,333,165,104,153,Y,Y,Y,N,MM,MMR,,,Myanmar,,,,,,,,Myanmar,Myanmar (le),Myanmar,Мьянма,缅甸,ميانمار,the Republic of the Union of Myanmar,0,21.17952353,96.50232755,142,Asia,35,South-eastern Asia,,,myanmar|burma,Lower middle,MMK,2011-06-12,153 - Myanmar
154,334,166,516,154,Y,Y,Y,N,NA,NAM,,,Namibia,,,,,,,,Namibia,Namibie (la),Namibia,Намибия,纳米比亚,ناميبيا,the Republic of Namibia,0,-22.13362728,17.21558466,2,Africa,202,Sub-Saharan Africa,18,Southern Africa,namibia,Upper middle,NAD,1974-01-01,154 - Namibia
155,335,167,520,155,Y,Y,Y,N,NR,NRU,,,Nauru,,,,,,,,Nauru,Nauru,Nauru,Науру,瑙鲁,ناورو,the Republic of Nauru,0,-0.528781574,166.9232132,9,Oceania,57,Micronesia,,,nauru,High,AUD,1974-01-01,155 - Nauru
156,336,168,524,156,Y,Y,Y,N,NP,NPL,,,Nepal,,,,,,,,Nepal,Népal (le),Nepal,Непал,尼泊尔,نيبال,Nepal,0,28.25396507,83.9316657,142,Asia,34,Southern Asia,,,nepal,Lower middle,NPR,2020-12-15,156 - Nepal
157,337,169,528,157,Y,Y,Y,N,NL,NLD,,,Netherlands (Kingdom of the),,,Netherlands,Netherlands,Netherlands,,,Netherlands (Kingdom of the),Pays-Bas (Royaume des),Países Bajos (Reino de los),Нидерланды (Королевство),荷兰王国,هولندا (مملكة _),the Kingdom of the Netherlands,0,52.26998137,5.675062933,150,Europe,155,Western Europe,,,^(?!.*\bant)(?!.*\bcarib).*netherlands,High,EUR,2023-03-10,157 - Netherlands (Kingdom of the)
158,338,170,,158,,,N,Y,,,AN,ANT,Netherlands Antilles (The Netherlands),,,,,,,Netherlands Antilles (The Netherlands),Netherlands Antilles,,,,,,,0,15.49421103,-67.12509177,19,Americas,419,Latin America and the Caribbean,29,Caribbean,^(?=.*\bant).*(neth.*|dutch),,ANG,1974-01-01,158 - Netherlands Antilles (The Netherlands)
159,339,171,540,159,,,N,N,NC,NCL,,,New Caledonia,,,,,,,New Caledonia (France),New Caledonia,,,,,,,0,-21.33942425,165.2996228,9,Oceania,54,Melanesia,,,new.?caledonia,High,XPF,1974-01-01,159 - New Caledonia
160,340,172,554,160,Y,Y,Y,N,NZ,NZL,,,New Zealand,,,,,,,,New Zealand,Nouvelle-Zélande (la),Nueva Zelandia,Новая Зеландия,新西兰,نيوزيلندا,New Zealand,0,-56.5161571,161.1190313,9,Oceania,53,Australia and New Zealand,,,(new|n).*zealand,High,NZD,1974-01-01,160 - New Zealand
161,341,173,558,161,Y,Y,Y,N,NI,NIC,,,Nicaragua,,,,,,,,Nicaragua,Nicaragua (le),Nicaragua,Никарагуа,尼加拉瓜,نيكاراغوا,the Republic of Nicaragua,0,12.83712778,-85.03655572,19,Americas,419,Latin America and the Caribbean,13,Central America,nicaragua,Lower middle,NIO,1974-01-01,161 - Nicaragua
162,342,174,562,162,Y,Y,Y,N,NE,NER,,,Niger,,Niger (the),,,,,,Niger,Niger (le),Níger (el),Нигер,尼日尔,النيجر,the Republic of the Niger,0,17.42463558,9.397470038,2,Africa,202,Sub-Saharan Africa,11,Western Africa,\bniger(?!ia),Low,XOF,1974-01-01,162 - Niger
163,343,175,566,163,Y,Y,Y,N,NG,NGA,,,Nigeria,,,,,,,,Nigeria,Nigéria (le),Nigeria,Нигерия,尼日利亚,نيجيريا,the Federal Republic of Nigeria,0,9.590667555,8.10605344,2,Africa,202,Sub-Saharan Africa,11,Western Africa,nigeria,Lower middle,NGN,1974-01-01,163 - Nigeria
164,344,176,570,164,Y,,Y,N,NU,NIU,,,Niue,,,,,,,Niue (New Zealand),Niue,Nioué,Niue,Ниуэ,纽埃,نيوي,Niue,0,-19.05213426,-169.8688481,9,Oceania,61,Polynesia,,,niue,,NZD,2011-06-12,164 - Niue
165,345,177,574,165,,,N,N,NF,NFK,,,Norfolk Island,,,,,,,Norfolk Island (Australia),Norfolk Island,,,,,,,0,-29.0376577,167.952597,9,Oceania,53,Australia and New Zealand,,,norfolk.*is,,AUD,1974-01-01,165 - Norfolk Island
166,347,179,578,167,Y,Y,Y,N,NO,NOR,,,Norway,,,,,,,,Norway,Norvège (la),Noruega,Норвегия,挪威,النرويج,the Kingdom of Norway,0,64.41197955,14.06269622,150,Europe,154,Northern Europe,,,norway,High,NOK,1974-01-01,166 - Norway
167,348,181,512,168,Y,Y,Y,N,OM,OMN,,,Oman,,,,,,,,Oman,Oman,Omán,Оман,阿曼,عمان,the Sultanate of Oman,0,20.53707855,56.1036955,142,Asia,145,Western Asia,,,\boman|trucial,High,OMR,1974-01-01,167 - Oman
168,349,182,586,169,Y,Y,Y,N,PK,PAK,,,Pakistan,,,,,,,,Pakistan,Pakistan (le),Pakistán (el),Пакистан,巴基斯坦,باكستان,the Islamic Republic of Pakistan,0,29.35468377,68.78655545,142,Asia,34,Southern Asia,,,^(?!.*east).*paki?stan,Lower middle,PKR,1974-01-01,168 - Pakistan
169,350,183,585,170,Y,Y,Y,N,PW,PLW,,,Palau,,,,,,,,Palau,Palaos (les),Palau,Палау,帕劳,بالاو,the Republic of Palau,0,7.514890523,134.5751097,9,Oceania,57,Micronesia,,,palau,Upper middle,USD,1986-01-01,169 - Palau
170,351,180,275,171,Y,,Y,N,PS,PSE,,,State of Palestine,,"Palestine, State of",,occupied Palestinian territory,occupied Palestinian territory,oPt,occupied Palestinian territory,State of Palestine,État de Palestine (l'),Estado de Palestina (el),Государство Палестина,巴勒斯坦国,دولة فلسطين,the State of Palestine,0,31.99084142,35.30744047,142,Asia,145,Western Asia,,,palestin|\bgaza|west.?bank,Upper middle,ILS,2013-02-06,170 - State of Palestine
171,352,184,591,172,Y,Y,Y,N,PA,PAN,,,Panama,,,,,,,,Panama,Panama (le),Panamá,Панама,巴拿马,بنما,the Republic of Panama,0,8.518057314,-80.07104511,19,Americas,419,Latin America and the Caribbean,13,Central America,panama,High,PAB,1993-07-22,171 - Panama
172,353,185,598,173,Y,Y,Y,N,PG,PNG,,,Papua New Guinea,,,,,,PNG,,Papua New Guinea,Papouasie-Nouvelle-Guinée (la),Papua Nueva Guinea,Папуа — Новая Гвинея,巴布亚新几内亚,بابوا غينيا الجديدة,the Independent State of Papua New Guinea,0,-6.834760878,143.0464597,9,Oceania,54,Melanesia,,,\bp.*\bn.*\bguin.*|^p\.?n\.?g\.?$|new.?guinea,Lower middle,PGK,1974-01-01,172 - Papua New Guinea
173,354,186,600,174,Y,Y,Y,N,PY,PRY,,,Paraguay,,,,,,,,Paraguay,Paraguay (le),Paraguay (el),Парагвай,巴拉圭,باراغواي,the Republic of Paraguay,0,-23.23840821,-58.39126243,19,Americas,419,Latin America and the Caribbean,5,South America,paraguay,Upper middle,PYG,1974-01-01,173 - Paraguay
174,355,187,604,175,Y,Y,Y,N,PE,PER,,,Peru,,,,,,,,Peru,Pérou (le),Perú (el),Перу,秘鲁,بيرو,the Republic of Peru,0,-9.167216491,-74.37537796,19,Americas,419,Latin America and the Caribbean,5,South America,peru,Upper middle,PEN,1974-01-01,174 - Peru
175,356,188,608,176,Y,Y,Y,N,PH,PHL,,,Philippines,,Philippines (the),,,,,,Philippines,Philippines (les),Filipinas,Филиппины,菲律宾,الفلبين,the Republic of the Philippines,0,-0.736653675,127.2358509,142,Asia,35,South-eastern Asia,,,philippines,Lower middle,PHP,1976-01-01,175 - Philippines
176,357,189,612,177,,,N,N,PN,PCN,,,Pitcairn,,,,,,,Pitcairn Islands,Pitcairn,,,,,,,0,-24.2051566,-127.9093208,9,Oceania,61,Polynesia,,,pitcairn,,NZD,1974-01-01,176 - Pitcairn
177,358,190,616,178,Y,Y,Y,N,PL,POL,,,Poland,,,,,,,,Poland,Pologne (la),Polonia,Польша,波兰,بولندا,the Republic of Poland,0,52.12847492,19.40086,150,Europe,151,Eastern Europe,,,poland,High,PLN,1974-01-01,177 - Poland
178,359,191,620,179,Y,Y,Y,N,PT,PRT,,,Portugal,,,,,,,,Portugal,Portugal (le),Portugal,Португалия,葡萄牙,البرتغال,the Portuguese Republic,0,39.23901506,-30.21832194,150,Europe,39,Southern Europe,,,portugal|portuguese,High,EUR,1974-01-01,178 - Portugal
179,360,192,630,180,,,N,N,PR,PRI,,,Puerto Rico,,,,Puerto Rico (United States),,,Puerto Rico (The United States of America),Puerto Rico,,,,,,,0,18.22412124,-66.47814528,19,Americas,419,Latin America and the Caribbean,29,Caribbean,puerto.?rico,High,USD,1974-01-01,179 - Puerto Rico
180,361,193,634,181,Y,Y,Y,N,QA,QAT,,,Qatar,,,,,,,,Qatar,Qatar (le),Qatar,Катар,卡塔尔,قطر,the State of Qatar,0,25.29089005,51.1841661,142,Asia,145,Western Asia,,,qatar,High,QAR,1974-01-01,180 - Qatar
181,362,195,638,182,,,N,N,RE,REU,,,Réunion,,,,,,,Réunion (France),Réunion,,,,,,,0,-21.12280909,55.55123933,2,Africa,202,Sub-Saharan Africa,14,Eastern Africa,reunion|réunion,,EUR,1974-01-01,181 - Réunion
182,363,196,642,183,Y,Y,Y,N,RO,ROU,,,Romania,,,,,,,,Romania,Roumanie (la),Rumania,Румыния,罗马尼亚,رومانيا,Romania,0,45.84314501,24.96613666,150,Europe,151,Eastern Europe,,,r(o|u|ou)mania,High,RON,2002-02-01,182 - Romania
183,364,197,643,184,Y,Y,Y,N,RU,RUS,,,Russian Federation,,Russian Federation (the),,,,Russia,,Russian Federation,Fédération de Russie (la),Federación de Rusia (la),Российская Федерация,俄罗斯联邦,الاتحاد الروسي,the Russian Federation,0,61.97564081,96.67837519,150,Europe,151,Eastern Europe,,,\brussia,Upper middle,RUB,1992-06-15,183 - Russian Federation
184,365,198,646,185,Y,Y,Y,N,RW,RWA,,,Rwanda,,,,,,,,Rwanda,Rwanda (le),Rwanda,Руанда,卢旺达,رواندا,the Republic of Rwanda,0,-1.991722808,29.92068123,2,Africa,202,Sub-Saharan Africa,14,Eastern Africa,rwanda,Low,RWF,1974-01-01,184 - Rwanda
185,366,14890,652,186,,,N,N,BL,BLM,,,Saint Barthélemy,,,,Saint Barthélemy (France),,,Saint Barthélemy (France),Saint Barthélemy,,,,,,,0,,,19,Americas,419,Latin America and the Caribbean,29,Caribbean,barth|barts,,EUR,2007-09-21,185 - Saint Barthélemy
186,367,199,654,187,,,N,N,SH,SHN,,,Saint Helena,,"Saint Helena, Ascension and Tristan da Cunha",,"Saint Helena, Ascension and Tristan da Cunha","Saint Helena, Ascension and Tristan da Cunha",,,Saint Helena,,,,,,,0,,,2,Africa,202,Sub-Saharan Africa,11,Western Africa,helena,,SHP,1974-01-01,186 - Saint Helena
187,368,200,659,188,Y,Y,Y,N,KN,KNA,,,Saint Kitts and Nevis,,,,,,,,Saint Kitts and Nevis,Saint-Kitts-et-Nevis,Saint Kitts y Nevis,Сент-Китс и Невис,圣基茨和尼维斯,سانت كيتس ونيفس,Saint Kitts and Nevis,0,17.32619066,-62.7533967,19,Americas,419,Latin America and the Caribbean,29,Caribbean,kitts|\bnevis,High,XCD,1985-01-01,187 - Saint Kitts and Nevis
188,369,201,662,189,Y,Y,Y,N,LC,LCA,,,Saint Lucia,,,,,,,,Saint Lucia,Sainte-Lucie,Santa Lucía,Сент-Люсия,圣卢西亚,سانت لوسيا,Saint Lucia,0,13.90391475,-60.96175259,19,Americas,419,Latin America and the Caribbean,29,Caribbean,\blucia,Upper middle,XCD,1974-01-01,188 - Saint Lucia
189,370,14891,663,190,,,N,N,MF,MAF,,,Saint Martin (French part),,,,Saint Martin (France),,,Saint Martin (France),Saint Martin,,,,,,,0,,,19,Americas,419,Latin America and the Caribbean,29,Caribbean,^(?!.*maarten)(?!.*saba)(?!.*dutch).*martin\b,High,EUR,2007-09-21,189 - Saint Martin (French part)
190,371,202,666,191,,,N,N,PM,SPM,,,Saint Pierre and Miquelon,,,,,,,Saint Pierre and Miquelon (France),Saint Pierre and Miquelon,,,,,,,0,,,19,Americas,21,Northern America,,,miquelon,,EUR,1974-01-01,190 - Saint Pierre and Miquelon
191,372,203,670,192,Y,Y,Y,N,VC,VCT,,,Saint Vincent and the Grenadines,,,,,,St. Vincent & Grenadines,,Saint Vincent and the Grenadines,Saint-Vincent-et-les Grenadines,San Vicente y las Granadinas,Сент-Винсент и Гренадины,圣文森特和格林纳丁斯,سانت فنسنت وجزر غرينادين,Saint Vincent and the Grenadines,0,13.25481082,-61.19376585,19,Americas,419,Latin America and the Caribbean,29,Caribbean,vincent,Upper middle,XCD,1974-01-01,191 - Saint Vincent and the Grenadines
192,373,204,882,193,Y,Y,Y,N,WS,WSM,,,Samoa,,,,,,,,Samoa,Samoa (le),Samoa,Самоа,萨摩亚,ساموا,the Independent State of Samoa,0,-13.16992041,-173.5139768,9,Oceania,61,Polynesia,,,^(?!.*amer.*)samoa|(\bindep.*samoa)|^west.*samoa,Lower middle,WST,1998-02-05,192 - Samoa
193,374,205,674,194,Y,Y,Y,N,SM,SMR,,,San Marino,,,,,,,,San Marino,Saint-Marin,San Marino,Сан-Марино,圣马力诺,سان مارينو,the Republic of San Marino,0,43.94362477,12.45862763,150,Europe,39,Southern Europe,,,san.?marino,High,EUR,1974-01-01,193 - San Marino
194,375,206,678,195,Y,Y,Y,N,ST,STP,,,Sao Tome and Principe,,,,São Tomé and Príncipe,São Tomé and Príncipe,,,Sao Tome and Principe,Sao Tomé-et-Principe,Santo Tomé y Príncipe,Сан-Томе и Принсипи,圣多美和普林西比,سان تومي وبرينسيبي,the Democratic Republic of Sao Tome and Principe,0,0.227069777,6.614376446,2,Africa,202,Sub-Saharan Africa,17,Middle Africa,tome|tomé,Lower middle,STN,1974-01-01,194 - Sao Tome and Principe
195,376,207,682,196,Y,Y,Y,N,SA,SAU,,,Saudi Arabia,,,,,,,,Saudi Arabia,Arabie saoudite (l'),Arabia Saudita (la),Саудовская Аравия,沙特阿拉伯,المملكة العربية السعودية,the Kingdom of Saudi Arabia,0,24.12628999,44.54637538,142,Asia,145,Western Asia,,,\bsa\w*.?arabia,High,SAR,1974-01-01,195 - Saudi Arabia
196,377,208,686,197,Y,Y,Y,N,SN,SEN,,,Senegal,,,,,,,,Senegal,Sénégal (le),Senegal (el),Сенегал,塞内加尔,السنغال,the Republic of Senegal,0,14.35710542,-14.4780169,2,Africa,202,Sub-Saharan Africa,11,Western Africa,senegal,Lower middle,XOF,1974-01-01,196 - Senegal
197,378,209,688,198,Y,Y,Y,N,RS,SRB,,,Serbia,,,,,,,,Serbia,Serbie (la),Serbia,Сербия,塞尔维亚,صربيا,the Republic of Serbia,0,44.03017332,20.80259395,150,Europe,39,Southern Europe,,,^(?!.*monte).*serbia.*,Upper middle,RSD,2006-09-26,197 - Serbia
198,379,210,690,199,Y,Y,Y,N,SC,SYC,,,Seychelles,,,,,,,,Seychelles,Seychelles (les),Seychelles,Сейшельские Острова,塞舌尔,سيشيل,the Republic of Seychelles,0,-4.651257344,55.46250801,2,Africa,202,Sub-Saharan Africa,14,Eastern Africa,seychell,High,SCR,1974-01-01,198 - Seychelles
199,380,211,694,200,Y,Y,Y,N,SL,SLE,,,Sierra Leone,,,,,,,,Sierra Leone,Sierra Leone (la),Sierra Leona,Сьерра-Леоне,塞拉利昂,سيراليون,the Republic of Sierra Leone,0,8.571898577,-11.77850059,2,Africa,202,Sub-Saharan Africa,11,Western Africa,sierra,Low,SLL,1974-01-01,199 - Sierra Leone
200,381,212,702,201,Y,Y,Y,N,SG,SGP,,,Singapore,,,,,,,,Singapore,Singapour,Singapur,Сингапур,新加坡,سنغافورة,the Republic of Singapore,0,1.344965221,103.8094495,142,Asia,35,South-eastern Asia,,,singapore,High,SGD,1974-01-01,200 - Singapore
201,382,14892,534,202,,,N,N,SX,SXM,,,Sint Maarten (Dutch part),,,,,,,Sint Maarten (The Netherlands),Sint Maarten,,,,,,,0,,,19,Americas,419,Latin America and the Caribbean,29,Caribbean,^(?!.*martin)(?!.*saba).*maarten|dutch.*martin|martin.*dutch,High,ANG,2010-12-15,201 - Sint Maarten (Dutch part)
202,383,213,703,203,Y,Y,Y,N,SK,SVK,,,Slovakia,,,,,,,,Slovakia,Slovaquie (la),Eslovaquia,Словакия,斯洛伐克,سلوفاكيا,the Slovak Republic,0,48.70609262,19.49110883,150,Europe,151,Eastern Europe,,,^(?!.*cze).*slovak,High,EUR,1974-01-01,202 - Slovakia
203,384,214,705,204,Y,Y,Y,N,SI,SVN,,,Slovenia,,,,,,,,Slovenia,Slovénie (la),Eslovenia,Словения,斯洛文尼亚,سلوفينيا,the Republic of Slovenia,0,46.123589,14.82836958,150,Europe,39,Southern Europe,,,slovenia,High,EUR,1993-06-15,203 - Slovenia
204,385,215,90,205,Y,Y,Y,N,SB,SLB,,,Solomon Islands,,,,,,,,Solomon Islands,Îles Salomon (les),Islas Salomón (las),Соломоновы Острова,所罗门群岛,جزر سليمان,Solomon Islands,0,-8.823576119,159.6577946,9,Oceania,54,Melanesia,,,solomon,Lower middle,SBD,1974-01-01,204 - Solomon Islands
205,386,216,706,206,Y,Y,Y,N,SO,SOM,,,Somalia,,,,,,,,Somalia,Somalie (la),Somalia,Сомали,索马里,الصومال,the Federal Republic of Somalia,0,6.070298569,45.86808802,2,Africa,202,Sub-Saharan Africa,14,Eastern Africa,somali,Low,SOS,1974-01-01,205 - Somalia
206,387,217,710,207,Y,Y,Y,N,ZA,ZAF,,,South Africa,,,,,,,,South Africa,Afrique du Sud (l'),Sudáfrica,Южная Африка,南非,جنوب أفريقيا,the Republic of South Africa,0,-28.99235649,25.09025016,2,Africa,202,Sub-Saharan Africa,18,Southern Africa,\bs(\.|outh)(?!.*sahar).*africa|^r\.?s\.?a\.?$,Upper middle,ZAR,1974-01-01,206 - South Africa
207,388,,239,208,,,N,N,GS,SGS,,,South Georgia and the South Sandwich Islands,,,,,,,,South Georgia and the South Sandwich Islands,,,,,,,0,,,19,Americas,419,Latin America and the Caribbean,5,South America,south.?georgia|sandwich,,GBP,1993-07-23,207 - South Georgia and the South Sandwich Islands
208,389,218,724,209,Y,Y,Y,N,ES,ESP,,,Spain,,,,,,,,Spain,Espagne (l'),España,Испания,西班牙,إسبانيا,the Kingdom of Spain,0,40.3097875,-3.578125378,150,Europe,39,Southern Europe,,,spain,High,EUR,1974-01-01,208 - Spain
209,390,219,144,210,Y,Y,Y,N,LK,LKA,,,Sri Lanka,,,,,,,,Sri Lanka,Sri Lanka,Sri Lanka,Шри-Ланка,斯里兰卡,سري لانكا,the Democratic Socialist Republic of Sri Lanka,0,7.617249894,80.70787736,142,Asia,34,Southern Asia,,,sri.?lanka|ceylon,Lower middle,LKR,1974-01-01,209 - Sri Lanka
210,391,8657,728,211,Y,Y,Y,N,SS,SSD,,,South Sudan,,,,,,,,South Sudan,Soudan du Sud (le),Sudán del Sur,Южный Судан,南苏丹,جنوب السودان,the Republic of South Sudan,0,7.295889595,30.30870192,2,Africa,202,Sub-Saharan Africa,14,Eastern Africa,\bs\w*.?sudan,Low,SSP,2011-09-08,210 - South Sudan
211,392,220,729,212,Y,Y,Y,N,SD,SDN,,,Sudan,,Sudan (the),,,,,,Sudan,Soudan (le),Sudán (el),Судан,苏丹,السودان,the Republic of the Sudan,0,16.04892872,30.00339118,2,Africa,15,Northern Africa,,,^(?!.*\bs(?!u)).*sudan,Low,SDG,1974-01-01,211 - Sudan
212,393,221,740,213,Y,Y,Y,N,SR,SUR,,,Suriname,,,,,,,,Suriname,Suriname (le),Suriname,Суринам,苏里南,سورينام,the Republic of Suriname,0,4.125518847,-55.91480138,19,Americas,419,Latin America and the Caribbean,5,South America,surinam|dutch.?guiana,Upper middle,SRD,1974-01-01,212 - Suriname
213,394,222,744,214,,,N,N,SJ,SJM,,,Svalbard and Jan Mayen Islands,,Svalbard and Jan Mayen,,Svalbard and Jan Mayen,Svalbard and Jan Mayen,,,Svalbard and Jan Mayen Islands,,,,,,,0,77.62362195,6.012261852,150,Europe,154,Northern Europe,,,^(?!norway).*svalbard,,NOK,1974-01-01,213 - Svalbard and Jan Mayen Islands
214,395,223,748,215,Y,Y,Y,N,SZ,SWZ,,,Eswatini,,,,,,,,Eswatini,Eswatini (l'),Eswatini,Эсватини,斯威士兰,إسواتيني,the Kingdom of Eswatini,0,-26.56643647,31.50113832,2,Africa,202,Sub-Saharan Africa,18,Southern Africa,swaziland|eswatini,Lower middle,SZL,2018-06-02,214 - Eswatini
215,396,224,752,216,Y,Y,Y,N,SE,SWE,,,Sweden,,,,,,,,Sweden,Suède (la),Suecia,Швеция,瑞典,السويد,the Kingdom of Sweden,0,62.88018421,16.72425629,150,Europe,154,Northern Europe,,,swedish|sweden(?!.*except),High,SEK,1974-01-01,215 - Sweden
216,397,225,756,217,Y,Y,Y,N,CH,CHE,,,Switzerland,,,,,,,,Switzerland,Suisse (la),Suiza,Швейцария,瑞士,سويسرا,the Swiss Confederation,0,46.80615952,8.243637777,150,Europe,155,Western Europe,,,switz|swiss,High,CHF,1974-01-01,216 - Switzerland
217,398,226,760,218,Y,Y,Y,N,SY,SYR,,,Syrian Arab Republic,,Syrian Arab Republic (the),,,,Syria,,Syrian Arab Republic,République arabe syrienne (la),República Árabe Siria (la),Сирийская Арабская Республика,阿拉伯叙利亚共和国,الجمهورية العربية السورية,the Syrian Arab Republic,0,35.01105189,38.51123805,142,Asia,145,Western Asia,,,syria,Low,SYP,1974-01-01,217 - Syrian Arab Republic
218,399,61,158,219,,,N,N,TW,TWN,,,Taiwan (Province of China),,,,"Taiwan, Province of China","Taiwan, Province of China",,China - Taiwan Province,Taiwan (Province of China),,,,,,,0,23.74652012,120.9621301,142,Asia,30,Eastern Asia,,,.*taiwan|.*taipei|.*formosa|^(?!.*\bdem)(?!.*\bpe)(?!.*\bdr)(^rep.*).*\bchina.*(?!.*\bdem.*)(?!\bpe.*)(?!.*\bdr.*).*|^ROC$|^taiwan r\.?o\.?c\.?$,High,TWD,1974-01-01,218 - Taiwan (Province of China)
219,400,227,762,220,Y,Y,Y,N,TJ,TJK,,,Tajikistan,,,,,,,,Tajikistan,Tadjikistan (le),Tayikistán,Таджикистан,塔吉克斯坦,طاجيكستان,the Republic of Tajikistan,0,38.52699814,71.04232577,142,Asia,143,Central Asia,,,tajik,Lower middle,TJS,1992-06-15,219 - Tajikistan
220,401,244,834,221,Y,Y,Y,N,TZ,TZA,,,United Republic of Tanzania,,"Tanzania, United Republic of",,"Tanzania, United Republic of","Tanzania, United Republic of",Tanzania,,United Republic of Tanzania,République-Unie de Tanzanie (la),República Unida de Tanzanía (la),Объединенная Республика Танзания,坦桑尼亚联合共和国,جمهورية تنزانيا المتحدة,the United Republic of Tanzania,0,-6.273241244,34.79620168,2,Africa,202,Sub-Saharan Africa,14,Eastern Africa,tanzania(?!: zan.*),Lower middle,TZS,1974-01-01,220 - United Republic of Tanzania
221,402,228,764,222,Y,Y,Y,N,TH,THA,,,Thailand,,,,,,,,Thailand,Thaïlande (la),Tailandia,Таиланд,泰国,تايلند,the Kingdom of Thailand,0,15.15949511,101.020107,142,Asia,35,South-eastern Asia,,,thailand|\bsiam,Upper middle,THB,1974-01-01,221 - Thailand
222,403,230,626,223,Y,Y,Y,N,TL,TLS,,,Timor-Leste,,,,,,,,Timor-Leste,Timor-Leste (le),Timor-Leste,Тимор-Лешти,东帝汶,تيمور- ليشتي,the Democratic Republic of Timor-Leste,0,-8.767718612,126.0420452,142,Asia,35,South-eastern Asia,,,^(?=.*leste).*timor|^(?=.*east).*timor,Lower middle,USD,2002-11-15,222 - Timor-Leste
223,404,231,768,224,Y,Y,Y,N,TG,TGO,,,Togo,,,,,,,,Togo,Togo (le),Togo (el),Того,多哥,توغو,the Togolese Republic,0,8.541637601,0.97409513,2,Africa,202,Sub-Saharan Africa,11,Western Africa,togo,Low,XOF,1974-01-01,223 - Togo
224,405,232,772,225,,,N,N,TK,TKL,,,Tokelau,,,,,,,,Tokelau,,,,,,,0,-9.195175351,-171.8526597,9,Oceania,61,Polynesia,,,tokelau,,NZD,1974-01-01,224 - Tokelau
225,406,233,776,226,Y,Y,Y,N,TO,TON,,,Tonga,,,,,,,,Tonga,Tonga (les),Tonga,Тонга,汤加,تونغا,the Kingdom of Tonga,0,-22.92273894,-176.0448464,9,Oceania,61,Polynesia,,,tonga,Upper middle,TOP,1974-01-01,225 - Tonga
226,407,234,780,227,Y,Y,Y,N,TT,TTO,,,Trinidad and Tobago,,,,,,,,Trinidad and Tobago,Trinité-et-Tobago (la),Trinidad y Tabago,Тринидад и Тобаго,特立尼达和多巴哥,ترينيداد وتوباغو,the Republic of Trinidad and Tobago,0,10.40535665,-61.29228487,19,Americas,419,Latin America and the Caribbean,29,Caribbean,trinidad|tobago,High,TTD,1974-01-01,226 - Trinidad and Tobago
227,408,235,788,228,Y,Y,Y,N,TN,TUN,,,Tunisia,,,,,,,,Tunisia,Tunisie (la),Túnez,Тунис,突尼斯,تونس,the Republic of Tunisia,0,34.10810736,9.557630913,2,Africa,15,Northern Africa,,,tunisia,Lower middle,TND,1974-01-01,227 - Tunisia
228,409,236,792,229,Y,Y,Y,N,TR,TUR,,,Türkiye,,,,,,,,Türkiye,Türkiye (la),Türkiye,Турция,土耳其,تركيا,the Republic of Türkiye,0,38.91218946,35.69849765,142,Asia,145,Western Asia,,,turkey|türkiye,Upper middle,TRY,2022-06-02,228 - Türkiye
229,410,237,795,230,Y,Y,Y,N,TM,TKM,,,Turkmenistan,,,,,,,,Turkmenistan,Turkménistan (le),Turkmenistán,Туркменистан,土库曼斯坦,تركمانستان,Turkmenistan,0,39.12455662,59.38935348,142,Asia,143,Central Asia,,,turk-?men,Upper middle,TMT,1992-06-15,229 - Turkmenistan
230,411,238,796,231,,,N,N,TC,TCA,,,Turks and Caicos Islands,,Turks and Caicos Islands (the),,,,,,Turks and Caicos Islands,,,,,,,0,21.81744592,-71.77770318,19,Americas,419,Latin America and the Caribbean,29,Caribbean,turks,High,USD,1974-01-01,230 - Turks and Caicos Islands
231,412,239,798,232,Y,Y,Y,N,TV,TUV,,,Tuvalu,,,,,,,,Tuvalu,Tuvalu (les),Tuvalu,Тувалу,图瓦卢,توفالو,Tuvalu,0,-10.46069351,181.0881855,9,Oceania,61,Polynesia,,,tuvalu,Upper middle,AUD,1979-01-01,231 - Tuvalu
232,413,240,800,233,Y,Y,Y,N,UG,UGA,,,Uganda,,,,,,,,Uganda,Ouganda (l'),Uganda,Уганда,乌干达,أوغندا,the Republic of Uganda,0,1.280667326,32.38662225,2,Africa,202,Sub-Saharan Africa,14,Eastern Africa,uganda,Low,UGX,1974-01-01,232 - Uganda
233,414,241,804,234,Y,Y,Y,N,UA,UKR,,,Ukraine,,,,,,,,Ukraine,Ukraine (l'),Ucrania,Украина,乌克兰,أوكرانيا,Ukraine,0,49.01900507,31.37809941,150,Europe,151,Eastern Europe,,,ukrain,Lower middle,UAH,1992-04-19,233 - Ukraine
234,415,242,784,235,Y,Y,Y,N,AE,ARE,,,United Arab Emirates,,United Arab Emirates (the),,,,UAE,,United Arab Emirates,Émirats arabes unis (les),Emiratos Árabes Unidos (los),Объединенные Арабские Эмираты,阿拉伯联合酋长国,الإمارات العربية المتحدة,the United Arab Emirates,0,23.90525867,54.35072869,142,Asia,145,Western Asia,,,emirates|^u\.?a\.?e\.?$|united.?arab.?em,High,AED,1974-01-01,234 - United Arab Emirates
235,416,243,826,236,Y,Y,Y,N,GB,GBR,,,United Kingdom of Great Britain and Northern Ireland,,United Kingdom of Great Britain and Northern Ireland (the),,United Kingdom,United Kingdom,UK,,United Kingdom of Great Britain and Northern Ireland,Royaume-Uni de Grande-Bretagne et d'Irlande du Nord (le),Reino Unido de Gran Bretaña e Irlanda del Norte (el),Соединенное Королевство Великобритании и Северной Ирландии,大不列颠及北爱尔兰联合王国,المملكة المتحدة لبريطانيا العظمى وأيرلندا الشمالية,the United Kingdom of Great Britain and Northern Ireland,0,53.75504855,-2.103843405,150,Europe,154,Northern Europe,,,.*(united.?kingdom|britain|^u\.?k\.?$|gb),High,GBP,1974-01-01,235 - United Kingdom of Great Britain and Northern Ireland
236,417,245,840,237,Y,Y,Y,N,US,USA,,,United States of America,,United States of America (the),,United States,United States,USA,,United States of America,États-Unis d'Amérique (les),Estados Unidos de América (los),Соединенные Штаты Америки,美利坚合众国,الولايات المتحدة الأمريكية,the United States of America,0,45.73643438,-112.404207,19,Americas,21,Northern America,,,^(?!.*islands).*united.?states|^u\.?s\.?a\.?$|^u\.?s\.?$,High,USD,1974-01-01,236 - United States of America
237,418,,581,238,,,N,N,UM,UMI,,,United States Minor Outlying Islands,,United States Minor Outlying Islands (the),,,,,,United States Minor Outlying Islands,,,,,,,0,,,9,Oceania,57,Micronesia,,,minor.?outlying.?is,,USD,1986-01-01,237 - United States Minor Outlying Islands
238,419,247,858,239,Y,Y,Y,N,UY,URY,,,Uruguay,,,,,,,,Uruguay,Uruguay (l'),Uruguay (el),Уругвай,乌拉圭,أوروغواي,the Eastern Republic of Uruguay,0,-32.80198719,-56.01417232,19,Americas,419,Latin America and the Caribbean,5,South America,uruguay,High,UYU,1974-01-01,238 - Uruguay
239,420,248,860,240,Y,Y,Y,N,UZ,UZB,,,Uzbekistan,,,,,,,,Uzbekistan,Ouzbékistan (l'),Uzbekistán,Узбекистан,乌兹别克斯坦,أوزبكستان,the Republic of Uzbekistan,0,41.74950759,63.17455249,142,Asia,143,Central Asia,,,uzbek,Lower middle,UZS,1992-06-15,239 - Uzbekistan
240,421,249,548,241,Y,Y,Y,N,VU,VUT,,,Vanuatu,,,,,,,,Vanuatu,Vanuatu,Vanuatu,Вануату,瓦努阿图,فانواتو,the Republic of Vanuatu,0,-21.04390394,171.2797047,9,Oceania,54,Melanesia,,,vanuatu|new.?hebrides,Lower middle,VUV,1980-01-01,240 - Vanuatu
241,422,250,862,242,Y,Y,Y,N,VE,VEN,,,Venezuela (Bolivarian Republic of),,,,"Venezuela, Bolivarian Republic of",,Venezuela,,Venezuela (Bolivarian Republic of),Venezuela (République bolivarienne du),Venezuela (República Bolivariana de),Венесуэла (Боливарианская Республика),委内瑞拉玻利瓦尔共和国,فنزويلا (جمهورية - البوليفارية),the Bolivarian Republic of Venezuela,0,7.115201972,-66.18367077,19,Americas,419,Latin America and the Caribbean,5,South America,venezuela,,VEF,2009-03-03,241 - Venezuela (Bolivarian Republic of)
242,423,251,704,243,Y,Y,Y,N,VN,VNM,,,Viet Nam,,,,,,,,Viet Nam,Viet Nam (le),Viet Nam,Вьетнам,越南,فييت نام,the Socialist Republic of Viet Nam,0,16.64893259,106.3103686,142,Asia,35,South-eastern Asia,,,"^((?!n|s|.*republic)|(?=.*socialist)).*viet.?nam(?! *,? *n| *,? *s)",Lower middle,VND,1977-01-01,242 - Viet Nam
243,424,43,92,244,,,N,N,VG,VGB,,,British Virgin Islands,,Virgin Islands (British),,"Virgin Islands, British","Virgin Islands, British",,,British Virgin Islands,,,,,,,0,18.30332154,-65.11493198,19,Americas,419,Latin America and the Caribbean,29,Caribbean,^(?=.*\bu\.?\s?k).*virgin|^(?=.*br.*).*virgin|^(?=.*kingdom).*virgin|BVI,High,USD,1974-01-01,243 - British Virgin Islands
244,426,252,876,246,,,N,N,WF,WLF,,,Wallis and Futuna Islands,,Wallis and Futuna,,Wallis and Futuna,Wallis and Futuna,,Wallis and Futuna (France),Wallis and Futuna Islands,,,,,,,0,,,9,Oceania,61,Polynesia,,,futuna|wallis,,XPF,1974-01-01,244 - Wallis and Futuna Islands
245,427,253,732,247,,,N,N,EH,ESH,,,Western Sahara,,,,"Western Sahara, non-self-governing territory",,,,Western Sahara,,,,,,,0,24.66295331,-13.13425705,2,Africa,15,Northern Africa,,,\bw.*sahara,,MAD,1985-01-01,245 - Western Sahara
246,428,255,887,248,Y,Y,Y,N,YE,YEM,,,Yemen,,,,,,,,Yemen,Yémen (le),Yemen (el),Йемен,也门,اليمن,the Republic of Yemen,0,15.96506363,47.50305348,142,Asia,145,Western Asia,,,yemen,Low,YER,1993-07-12,246 - Yemen
247,429,256,894,249,Y,Y,Y,N,ZM,ZMB,,,Zambia,,,,,,,,Zambia,Zambie (la),Zambia,Замбия,赞比亚,زامبيا,the Republic of Zambia,0,-13.45369192,27.80039565,2,Africa,202,Sub-Saharan Africa,14,Eastern Africa,zambia|northern.?rhodesia,Lower middle,ZMK,1974-01-01,247 - Zambia
248,430,257,716,250,Y,Y,Y,N,ZW,ZWE,,,Zimbabwe,,,,,,,,Zimbabwe,Zimbabwe (le),Zimbabwe,Зимбабве,津巴布韦,زمبابوي,the Republic of Zimbabwe,0,-19.00126774,29.86951021,2,Africa,202,Sub-Saharan Africa,14,Eastern Africa,zimbabwe|^(?!.*northern).*rhodesia,Lower middle,ZWL,1980-01-01,248 - Zimbabwe
249,,28,,,,,N,N,,,,AZO,Azores Islands (Portugal),,,,,,,,Azores Islands,,,,,,,,,,150,Europe,39,Southern Europe,,,azores,,EUR,1974-01-01,249 - Azores Islands (Portugal)
251,,51,,,,,N,N,,,,CAI,Canary Islands (Spain),,,,,,,,Canary Islands,,,,,,,,,,2,Africa,15,Northern Africa,,,canary,,EUR,1974-01-01,251 - Canary Islands (Spain)
252,,56,,,,,N,N,,,,CHI,Channel Islands,,,,,,,,Channel Islands,,,,,,,,,,150,Europe,154,Northern Europe,,,channel.?island.*,,GBP,1974-01-01,252 - Channel Islands
254,,97,,,,,N,N,,,,GLI,Galapagos Islands (Ecuador),,,,,,,,Galapagos Islands,,,,,,,,,,19,Americas,419,Latin America and the Caribbean,5,South America,galapagos,,USD,1974-01-01,254 - Galapagos Islands (Ecuador)
255,346,178,580,166,,,N,N,MP,MNP,,,Northern Mariana Islands,,Northern Mariana Islands (the),,,,,Northern Mariana Islands (The United States of America),Northern Mariana Islands,,,,,,,0,25.56053736,152.1251419,9,Oceania,57,Micronesia,,,mariana,High,USD,1986-01-01,255 - Northern Mariana Islands
256,,,680,,,,N,N,,,,,Sark,,,,,,,,Sark,,,,,,,,,,150,Europe,154,Northern Europe,830,Channel Islands,sark,,GBP,1974-01-01,256 - Sark
265,425,246,850,245,,,N,N,VI,VIR,,,United States Virgin Islands,,Virgin Islands (U.S.),,"Virgin Islands, U.S.","Virgin Islands, U.S.",,,United States Virgin Islands,,,,,,,0,17.39137826,-64.67699419,19,Americas,419,Latin America and the Caribbean,29,Caribbean,^(?=.*\bu\.?\s?s).*virgin|^(?=.*states).*virgin,High,USD,1974-01-01,265 - United States Virgin Islands
266,,,,,,,N,N,,,XK,XKX,Kosovo,,,,,,,,Kosovo,,,,,,,,,,150,Europe,39,Southern Europe,,,kosovo,,EUR,1974-01-01,266 - Kosovo
