admin_info:
  - {P-Code: AF01, Name: Kabul, Location: AFG}
  - {P-Code: AF02, Name: Kapisa, Location: AFG}
  - {P-Code: AF03, Name: Parwan, Location: AFG}
  - {P-Code: AF04, Name: Maidan Wardak, Location: AFG}
  - {P-Code: AF05, Name: Logar, Location: AFG}
  - {P-Code: AF06, Name: Nangarhar, Location: AFG}
  - {P-Code: AF07, Name: Laghman, Location: AFG}
  - {P-Code: AF08, Name: Panjsher, Location: AFG}
  - {P-Code: AF09, Name: Baghlan, Location: AFG}
  - {P-Code: AF10, Name: Bamyan, Location: AFG}
  - {P-Code: AF11, Name: Ghazni, Location: AFG}
  - {P-Code: AF12, Name: Paktika, Location: AFG}
  - {P-Code: AF13, Name: Paktya, Location: AFG}
  - {P-Code: AF14, Name: Khost, Location: AFG}
  - {P-Code: AF15, Name: Kunar, Location: AFG}
  - {P-Code: AF16, Name: Nuristan, Location: AFG}
  - {P-Code: AF17, Name: Badakhshan, Location: AFG}
  - {P-Code: AF18, Name: Takhar, Location: AFG}
  - {P-Code: AF19, Name: Kunduz, Location: AFG}
  - {P-Code: AF20, Name: Samangan, Location: AFG}
  - {P-Code: AF21, Name: Balkh, Location: AFG}
  - {P-Code: AF22, Name: Sar E Pul, Location: AFG}
  - {P-Code: AF23, Name: Ghor, Location: AFG}
  - {P-Code: AF24, Name: Daykundi, Location: AFG}
  - {P-Code: AF25, Name: Uruzgan, Location: AFG}
  - {P-Code: AF26, Name: Zabul, Location: AFG}
  - {P-Code: AF27, Name: Kandahar, Location: AFG}
  - {P-Code: AF28, Name: Jawzjan, Location: AFG}
  - {P-Code: AF29, Name: Faryab, Location: AFG}
  - {P-Code: AF30, Name: Hilmand, Location: AFG}
  - {P-Code: AF31, Name: Badghis, Location: AFG}
  - {P-Code: AF32, Name: Hirat, Location: AFG}
  - {P-Code: AF33, Name: Farah, Location: AFG}
  - {P-Code: AF34, Name: Nimroz, Location: AFG}
  - {P-Code: BDI001, Name: Bubanza, Location: BDI}
  - {P-Code: BDI002, Name: Bujumbura Rural, Location: BDI}
  - {P-Code: BDI003, Name: Bururi, Location: BDI}
  - {P-Code: BDI004, Name: Cankuzo, Location: BDI}
  - {P-Code: BDI005, Name: Cibitoke, Location: BDI}
  - {P-Code: BDI006, Name: Gitega, Location: BDI}
  - {P-Code: BDI007, Name: Karuzi, Location: BDI}
  - {P-Code: BDI008, Name: Kayanza, Location: BDI}
  - {P-Code: BDI009, Name: Kirundo, Location: BDI}
  - {P-Code: BDI010, Name: Makamba, Location: BDI}
  - {P-Code: BDI011, Name: Muramvya, Location: BDI}
  - {P-Code: BDI012, Name: Muyinga, Location: BDI}
  - {P-Code: BDI013, Name: Mwaro, Location: BDI}
  - {P-Code: BDI014, Name: Ngozi, Location: BDI}
  - {P-Code: BDI015, Name: Rutana, Location: BDI}
  - {P-Code: BDI016, Name: Ruyigi, Location: BDI}
  - {P-Code: BDI017, Name: Bujumbura Mairie, Location: BDI}
  - {P-Code: BDI018, Name: Rumonge, Location: BDI}
  - {P-Code: BF13, Name: Centre, Location: BFA}
  - {P-Code: BF46, Name: Boucle Du Mouhoun, Location: BFA}
  - {P-Code: BF47, Name: Cascades, Location: BFA}
  - {P-Code: BF48, Name: Centre Est, Location: BFA}
  - {P-Code: BF49, Name: Centre Nord, Location: BFA}
  - {P-Code: BF50, Name: Centre Ouest, Location: BFA}
  - {P-Code: BF51, Name: Centre Sud, Location: BFA}
  - {P-Code: BF52, Name: Est, Location: BFA}
  - {P-Code: BF53, Name: Hauts Bassins, Location: BFA}
  - {P-Code: BF54, Name: Nord, Location: BFA}
  - {P-Code: BF55, Name: Plateau Central, Location: BFA}
  - {P-Code: BF56, Name: Sahel, Location: BFA}
  - {P-Code: BF57, Name: Sud Ouest, Location: BFA}
  - {P-Code: CF11, Name: Ombella Mpoko, Location: CAF}
  - {P-Code: CF12, Name: Lobaye, Location: CAF}
  - {P-Code: CF21, Name: Mambere Kadei, Location: CAF}
  - {P-Code: CF22, Name: Nana Mambere, Location: CAF}
  - {P-Code: CF23, Name: Sangha Mbaere, Location: CAF}
  - {P-Code: CF31, Name: Ouham Pende, Location: CAF}
  - {P-Code: CF32, Name: Ouham, Location: CAF}
  - {P-Code: CF41, Name: Kemo, Location: CAF}
  - {P-Code: CF42, Name: Nana Gribizi, Location: CAF}
  - {P-Code: CF43, Name: Ouaka, Location: CAF}
  - {P-Code: CF51, Name: Bamingui Bangoran, Location: CAF}
  - {P-Code: CF52, Name: Haute Kotto, Location: CAF}
  - {P-Code: CF53, Name: Vakaga, Location: CAF}
  - {P-Code: CF61, Name: Basse Kotto, Location: CAF}
  - {P-Code: CF62, Name: Mbomou, Location: CAF}
  - {P-Code: CF63, Name: Haut Mbomou, Location: CAF}
  - {P-Code: CF71, Name: Bangui, Location: CAF}
  - {P-Code: CM001, Name: Adamawa, Location: CMR}
  - {P-Code: CM002, Name: Centre, Location: CMR}
  - {P-Code: CM003, Name: East, Location: CMR}
  - {P-Code: CM004, Name: Far North, Location: CMR}
  - {P-Code: CM005, Name: Littoral, Location: CMR}
  - {P-Code: CM006, Name: North, Location: CMR}
  - {P-Code: CM007, Name: North West, Location: CMR}
  - {P-Code: CM008, Name: West, Location: CMR}
  - {P-Code: CM009, Name: South, Location: CMR}
  - {P-Code: CM010, Name: South West, Location: CMR}
  - {P-Code: CD10, Name: Kinshasa, Location: COD}
  - {P-Code: CD20, Name: Kongo Central, Location: COD}
  - {P-Code: CD31, Name: Kwango, Location: COD}
  - {P-Code: CD32, Name: Kwilu, Location: COD}
  - {P-Code: CD33, Name: Mai Ndombe, Location: COD}
  - {P-Code: CD41, Name: Equateur, Location: COD}
  - {P-Code: CD42, Name: Sud Ubangi, Location: COD}
  - {P-Code: CD43, Name: Nord Ubangi, Location: COD}
  - {P-Code: CD44, Name: Mongala, Location: COD}
  - {P-Code: CD45, Name: Tshuapa, Location: COD}
  - {P-Code: CD51, Name: Tshopo, Location: COD}
  - {P-Code: CD52, Name: Bas Uele, Location: COD}
  - {P-Code: CD53, Name: Haut Uele, Location: COD}
  - {P-Code: CD54, Name: Ituri, Location: COD}
  - {P-Code: CD61, Name: Nord Kivu, Location: COD}
  - {P-Code: CD62, Name: Sud Kivu, Location: COD}
  - {P-Code: CD63, Name: Maniema, Location: COD}
  - {P-Code: CD71, Name: Haut Katanga, Location: COD}
  - {P-Code: CD72, Name: Lualaba, Location: COD}
  - {P-Code: CD73, Name: Haut Lomami, Location: COD}
  - {P-Code: CD74, Name: Tanganyika, Location: COD}
  - {P-Code: CD81, Name: Lomami, Location: COD}
  - {P-Code: CD82, Name: Kasai Oriental, Location: COD}
  - {P-Code: CD83, Name: Sankuru, Location: COD}
  - {P-Code: CD91, Name: Kasai Central, Location: COD}
  - {P-Code: CD92, Name: Kasai, Location: COD}
  - {P-Code: CO05, Name: Antioquia, Location: COL}
  - {P-Code: CO08, Name: Atlantico, Location: COL}
  - {P-Code: CO11, Name: 'Bogota, D.C.', Location: COL}
  - {P-Code: CO13, Name: Bolivar, Location: COL}
  - {P-Code: CO15, Name: Boyaca, Location: COL}
  - {P-Code: CO17, Name: Caldas, Location: COL}
  - {P-Code: CO18, Name: Caqueta, Location: COL}
  - {P-Code: CO19, Name: Cauca, Location: COL}
  - {P-Code: CO20, Name: Cesar, Location: COL}
  - {P-Code: CO23, Name: Cordoba, Location: COL}
  - {P-Code: CO25, Name: Cundinamarca, Location: COL}
  - {P-Code: CO27, Name: Choco, Location: COL}
  - {P-Code: CO41, Name: Huila, Location: COL}
  - {P-Code: CO44, Name: La Guajira, Location: COL}
  - {P-Code: CO47, Name: Magdalena, Location: COL}
  - {P-Code: CO50, Name: Meta, Location: COL}
  - {P-Code: CO52, Name: Narino, Location: COL}
  - {P-Code: CO54, Name: Norte de Santander, Location: COL}
  - {P-Code: CO63, Name: Quindio, Location: COL}
  - {P-Code: CO66, Name: Risaralda, Location: COL}
  - {P-Code: CO68, Name: Santander, Location: COL}
  - {P-Code: CO70, Name: Sucre, Location: COL}
  - {P-Code: CO73, Name: Tolima, Location: COL}
  - {P-Code: CO76, Name: Valle del Cauca, Location: COL}
  - {P-Code: CO81, Name: Arauca, Location: COL}
  - {P-Code: CO85, Name: Casanare, Location: COL}
  - {P-Code: CO86, Name: Putumayo, Location: COL}
  - {P-Code: CO88, Name: "Archipielago de San Andres, Providencia y Santa Catalina", Location: COL}
  - {P-Code: CO91, Name: Amazonas, Location: COL}
  - {P-Code: CO94, Name: Guainia, Location: COL}
  - {P-Code: CO95, Name: Guaviare, Location: COL}
  - {P-Code: CO97, Name: Vaupes, Location: COL}
  - {P-Code: CO99, Name: Vichada, Location: COL}
  - {P-Code: ET01, Name: Tigray, Location: ETH}
  - {P-Code: ET02, Name: Afar, Location: ETH}
  - {P-Code: ET03, Name: Amhara, Location: ETH}
  - {P-Code: ET04, Name: Oromia, Location: ETH}
  - {P-Code: ET05, Name: Somali, Location: ETH}
  - {P-Code: ET06, Name: Benishangul Gumz, Location: ETH}
  - {P-Code: ET07, Name: Snnp, Location: ETH}
  - {P-Code: ET12, Name: Gambela, Location: ETH}
  - {P-Code: ET13, Name: Harari, Location: ETH}
  - {P-Code: ET14, Name: Addis Ababa, Location: ETH}
  - {P-Code: ET15, Name: Dire Dawa, Location: ETH}
  - {P-Code: HT01, Name: West, Location: HTI}
  - {P-Code: HT02, Name: South East, Location: HTI}
  - {P-Code: HT03, Name: North, Location: HTI}
  - {P-Code: HT04, Name: North East, Location: HTI}
  - {P-Code: HT05, Name: Artibonite, Location: HTI}
  - {P-Code: HT06, Name: Centre, Location: HTI}
  - {P-Code: HT07, Name: South, Location: HTI}
  - {P-Code: HT08, Name: Grande'Anse, Location: HTI}
  - {P-Code: HT09, Name: North West, Location: HTI}
  - {P-Code: HT10, Name: Nippes, Location: HTI}
  - {P-Code: IQG01, Name: Al Anbar, Location: IRQ}
  - {P-Code: IQG02, Name: Al Basrah, Location: IRQ}
  - {P-Code: IQG03, Name: Al Muthanna, Location: IRQ}
  - {P-Code: IQG04, Name: Al Najaf, Location: IRQ}
  - {P-Code: IQG05, Name: Al Qadissiya, Location: IRQ}
  - {P-Code: IQG06, Name: Al Sulaymaniyah, Location: IRQ}
  - {P-Code: IQG07, Name: Babil, Location: IRQ}
  - {P-Code: IQG08, Name: Baghdad, Location: IRQ}
  - {P-Code: IQG09, Name: Duhok, Location: IRQ}
  - {P-Code: IQG10, Name: Diyala, Location: IRQ}
  - {P-Code: IQG11, Name: Erbil, Location: IRQ}
  - {P-Code: IQG12, Name: Kerbala, Location: IRQ}
  - {P-Code: IQG13, Name: Kirkuk, Location: IRQ}
  - {P-Code: IQG14, Name: Maysan, Location: IRQ}
  - {P-Code: IQG15, Name: Ninewa, Location: IRQ}
  - {P-Code: IQG16, Name: Salah Al Din, Location: IRQ}
  - {P-Code: IQG17, Name: Thi Qar, Location: IRQ}
  - {P-Code: IQG18, Name: Wassit, Location: IRQ}
  - {P-Code: LY01, Name: East, Location: LBY}
  - {P-Code: LY02, Name: West, Location: LBY}
  - {P-Code: LY03, Name: South, Location: LBY}
  - {P-Code: ML01, Name: Kayes, Location: MLI}
  - {P-Code: ML02, Name: Koulikoro, Location: MLI}
  - {P-Code: ML03, Name: Sikasso, Location: MLI}
  - {P-Code: ML04, Name: Segou, Location: MLI}
  - {P-Code: ML05, Name: Mopti, Location: MLI}
  - {P-Code: ML06, Name: Tombouctou, Location: MLI}
  - {P-Code: ML07, Name: Gao, Location: MLI}
  - {P-Code: ML08, Name: Kidal, Location: MLI}
  - {P-Code: ML09, Name: Bamako, Location: MLI}
  - {P-Code: MMR001, Name: Kachin, Location: MMR}
  - {P-Code: MMR002, Name: Kayah, Location: MMR}
  - {P-Code: MMR003, Name: Kayin, Location: MMR}
  - {P-Code: MMR004, Name: Chin, Location: MMR}
  - {P-Code: MMR005, Name: Sagaing, Location: MMR}
  - {P-Code: MMR006, Name: Tanintharyi, Location: MMR}
  - {P-Code: MMR009, Name: Magway, Location: MMR}
  - {P-Code: MMR010, Name: Mandalay, Location: MMR}
  - {P-Code: MMR011, Name: Mon, Location: MMR}
  - {P-Code: MMR012, Name: Rakhine, Location: MMR}
  - {P-Code: MMR013, Name: Yangon, Location: MMR}
  - {P-Code: MMR017, Name: Ayeyarwady, Location: MMR}
  - {P-Code: MMR018, Name: Nay Pyi Taw, Location: MMR}
  - {P-Code: MMR111, Name: Bago, Location: MMR}
  - {P-Code: MMR222, Name: Shan, Location: MMR}
  - {P-Code: NER001, Name: Agadez, Location: NER}
  - {P-Code: NER002, Name: Diffa, Location: NER}
  - {P-Code: NER003, Name: Dosso, Location: NER}
  - {P-Code: NER004, Name: Maradi, Location: NER}
  - {P-Code: NER005, Name: Tahoua, Location: NER}
  - {P-Code: NER006, Name: Tillaberi, Location: NER}
  - {P-Code: NER007, Name: Zinder, Location: NER}
  - {P-Code: NER008, Name: Niamey, Location: NER}
  - {P-Code: NG001, Name: Abia, Location: NGA}
  - {P-Code: NG002, Name: Adamawa, Location: NGA}
  - {P-Code: NG003, Name: Akwa Ibom, Location: NGA}
  - {P-Code: NG004, Name: Anambra, Location: NGA}
  - {P-Code: NG005, Name: Bauchi, Location: NGA}
  - {P-Code: NG006, Name: Bayelsa, Location: NGA}
  - {P-Code: NG007, Name: Benue, Location: NGA}
  - {P-Code: NG008, Name: Borno, Location: NGA}
  - {P-Code: NG009, Name: Cross River, Location: NGA}
  - {P-Code: NG010, Name: Delta, Location: NGA}
  - {P-Code: NG011, Name: Ebonyi, Location: NGA}
  - {P-Code: NG012, Name: Edo, Location: NGA}
  - {P-Code: NG013, Name: Ekiti, Location: NGA}
  - {P-Code: NG014, Name: Enugu, Location: NGA}
  - {P-Code: NG015, Name: Federal Capital Territory, Location: NGA}
  - {P-Code: NG016, Name: Gombe, Location: NGA}
  - {P-Code: NG017, Name: Imo, Location: NGA}
  - {P-Code: NG018, Name: Jigawa, Location: NGA}
  - {P-Code: NG019, Name: Kaduna, Location: NGA}
  - {P-Code: NG020, Name: Kano, Location: NGA}
  - {P-Code: NG021, Name: Katsina, Location: NGA}
  - {P-Code: NG022, Name: Kebbi, Location: NGA}
  - {P-Code: NG023, Name: Kogi, Location: NGA}
  - {P-Code: NG024, Name: Kwara, Location: NGA}
  - {P-Code: NG025, Name: Lagos, Location: NGA}
  - {P-Code: NG026, Name: Nasarawa, Location: NGA}
  - {P-Code: NG027, Name: Niger, Location: NGA}
  - {P-Code: NG028, Name: Ogun, Location: NGA}
  - {P-Code: NG029, Name: Ondo, Location: NGA}
  - {P-Code: NG030, Name: Osun, Location: NGA}
  - {P-Code: NG031, Name: Oyo, Location: NGA}
  - {P-Code: NG032, Name: Plateau, Location: NGA}
  - {P-Code: NG033, Name: Rivers, Location: NGA}
  - {P-Code: NG034, Name: Sokoto, Location: NGA}
  - {P-Code: NG035, Name: Taraba, Location: NGA}
  - {P-Code: NG036, Name: Yobe, Location: NGA}
  - {P-Code: NG037, Name: Zamfara, Location: NGA}
  - {P-Code: PS1, Name: Gaza Strip, Location: PSE}
  - {P-Code: PS2, Name: No Mans Land, Location: PSE}
  - {P-Code: PS3, Name: West Bank, Location: PSE}
  - {P-Code: SD01, Name: Khartoum, Location: SDN}
  - {P-Code: SD02, Name: North Darfur, Location: SDN}
  - {P-Code: SD03, Name: South Darfur, Location: SDN}
  - {P-Code: SD04, Name: West Darfur, Location: SDN}
  - {P-Code: SD05, Name: East Darfur, Location: SDN}
  - {P-Code: SD06, Name: Central Darfur, Location: SDN}
  - {P-Code: SD07, Name: South Kordofan, Location: SDN}
  - {P-Code: SD08, Name: Blue Nile, Location: SDN}
  - {P-Code: SD09, Name: White Nile, Location: SDN}
  - {P-Code: SD10, Name: Red Sea, Location: SDN}
  - {P-Code: SD11, Name: Kassala, Location: SDN}
  - {P-Code: SD12, Name: Gedaref, Location: SDN}
  - {P-Code: SD13, Name: North Kordofan, Location: SDN}
  - {P-Code: SD14, Name: Sennar, Location: SDN}
  - {P-Code: SD15, Name: Aj Jazirah, Location: SDN}
  - {P-Code: SD16, Name: River Nile, Location: SDN}
  - {P-Code: SD17, Name: Northern, Location: SDN}
  - {P-Code: SD18, Name: West Kordofan, Location: SDN}
  - {P-Code: SD19, Name: Abyei Pca, Location: SDN}
  - {P-Code: SO11, Name: Awdal, Location: SOM}
  - {P-Code: SO12, Name: Woqooyi Galbeed, Location: SOM}
  - {P-Code: SO13, Name: Togdheer, Location: SOM}
  - {P-Code: SO14, Name: Sool, Location: SOM}
  - {P-Code: SO15, Name: Sanaag, Location: SOM}
  - {P-Code: SO16, Name: Bari, Location: SOM}
  - {P-Code: SO17, Name: Nugaal, Location: SOM}
  - {P-Code: SO18, Name: Mudug, Location: SOM}
  - {P-Code: SO19, Name: Galgaduud, Location: SOM}
  - {P-Code: SO20, Name: Hiraan, Location: SOM}
  - {P-Code: SO21, Name: Middle Shabelle, Location: SOM}
  - {P-Code: SO22, Name: Banadir, Location: SOM}
  - {P-Code: SO23, Name: Lower Shabelle, Location: SOM}
  - {P-Code: SO24, Name: Bay, Location: SOM}
  - {P-Code: SO25, Name: Bakool, Location: SOM}
  - {P-Code: SO26, Name: Gedo, Location: SOM}
  - {P-Code: SO27, Name: Middle Juba, Location: SOM}
  - {P-Code: SO28, Name: Lower Juba, Location: SOM}
  - {P-Code: SS01, Name: Central Equatoria, Location: SSD}
  - {P-Code: SS02, Name: Eastern Equatoria, Location: SSD}
  - {P-Code: SS03, Name: Jonglei, Location: SSD}
  - {P-Code: SS04, Name: Lakes, Location: SSD}
  - {P-Code: SS05, Name: Northern Bahr El Ghazal, Location: SSD}
  - {P-Code: SS06, Name: Unity, Location: SSD}
  - {P-Code: SS07, Name: Upper Nile, Location: SSD}
  - {P-Code: SS08, Name: Warrap, Location: SSD}
  - {P-Code: SS09, Name: Western Bahr El Ghazal, Location: SSD}
  - {P-Code: SS10, Name: Western Equatoria, Location: SSD}
  - {P-Code: SY01, Name: Damascus, Location: SYR}
  - {P-Code: SY02, Name: Aleppo, Location: SYR}
  - {P-Code: SY03, Name: Rural Damascus, Location: SYR}
  - {P-Code: SY04, Name: Homs, Location: SYR}
  - {P-Code: SY05, Name: Hama, Location: SYR}
  - {P-Code: SY06, Name: Lattakia, Location: SYR}
  - {P-Code: SY07, Name: Idleb, Location: SYR}
  - {P-Code: SY08, Name: Al Hasakeh, Location: SYR}
  - {P-Code: SY09, Name: Deir Ez Zor, Location: SYR}
  - {P-Code: SY10, Name: Tartous, Location: SYR}
  - {P-Code: SY11, Name: Ar Raqqa, Location: SYR}
  - {P-Code: SY12, Name: Dara, Location: SYR}
  - {P-Code: SY13, Name: As Sweida, Location: SYR}
  - {P-Code: SY14, Name: Quneitra, Location: SYR}
  - {P-Code: TD01, Name: Batha, Location: TCD}
  - {P-Code: TD02, Name: Borkou, Location: TCD}
  - {P-Code: TD03, Name: Chari Baguirmi, Location: TCD}
  - {P-Code: TD04, Name: Guera, Location: TCD}
  - {P-Code: TD05, Name: Hadjer Lamis, Location: TCD}
  - {P-Code: TD06, Name: Kanem, Location: TCD}
  - {P-Code: TD07, Name: Lac, Location: TCD}
  - {P-Code: TD08, Name: Logone Occidental, Location: TCD}
  - {P-Code: TD09, Name: Logone Oriental, Location: TCD}
  - {P-Code: TD10, Name: Mandoul, Location: TCD}
  - {P-Code: TD11, Name: Mayo Kebbi Est, Location: TCD}
  - {P-Code: TD12, Name: Mayo Kebbi Ouest, Location: TCD}
  - {P-Code: TD13, Name: Moyen Chari, Location: TCD}
  - {P-Code: TD14, Name: Ouaddai, Location: TCD}
  - {P-Code: TD15, Name: Salamat, Location: TCD}
  - {P-Code: TD16, Name: Tandjile, Location: TCD}
  - {P-Code: TD17, Name: Wadi Fira, Location: TCD}
  - {P-Code: TD18, Name: Ndjamena, Location: TCD}
  - {P-Code: TD19, Name: Barh El Gazel, Location: TCD}
  - {P-Code: TD20, Name: Ennedi Est, Location: TCD}
  - {P-Code: TD21, Name: Sila, Location: TCD}
  - {P-Code: TD22, Name: Tibesti, Location: TCD}
  - {P-Code: TD23, Name: Ennedi Ouest, Location: TCD}
  - {P-Code: UA01, Name: Avtonomna Respublika Krym, Location: UKR}
  - {P-Code: UA05, Name: Vinnytska, Location: UKR}
  - {P-Code: UA07, Name: Volynska, Location: UKR}
  - {P-Code: UA12, Name: Dnipropetrovska, Location: UKR}
  - {P-Code: UA14, Name: Donetska, Location: UKR}
  - {P-Code: UA18, Name: Zhytomyrska, Location: UKR}
  - {P-Code: UA21, Name: Zakarpatska, Location: UKR}
  - {P-Code: UA23, Name: Zaporizka, Location: UKR}
  - {P-Code: UA26, Name: Ivano Frankivska, Location: UKR}
  - {P-Code: UA32, Name: Kyivska, Location: UKR}
  - {P-Code: UA35, Name: Kirovohradska, Location: UKR}
  - {P-Code: UA44, Name: Luhanska, Location: UKR}
  - {P-Code: UA46, Name: Lvivska, Location: UKR}
  - {P-Code: UA48, Name: Mykolaivska, Location: UKR}
  - {P-Code: UA51, Name: Odeska, Location: UKR}
  - {P-Code: UA53, Name: Poltavska, Location: UKR}
  - {P-Code: UA56, Name: Rivnenska, Location: UKR}
  - {P-Code: UA59, Name: Sumska, Location: UKR}
  - {P-Code: UA61, Name: Ternopilska, Location: UKR}
  - {P-Code: UA63, Name: Kharkivska, Location: UKR}
  - {P-Code: UA65, Name: Khersonska, Location: UKR}
  - {P-Code: UA68, Name: Khmelnytska, Location: UKR}
  - {P-Code: UA71, Name: Cherkaska, Location: UKR}
  - {P-Code: UA73, Name: Chernivetska, Location: UKR}
  - {P-Code: UA74, Name: Chernihivska, Location: UKR}
  - {P-Code: UA80, Name: Kyivska, Location: UKR}
  - {P-Code: UA85, Name: Sevastopol, Location: UKR}
  - {P-Code: VE01, Name: Distrito Federal, Location: VEN}
  - {P-Code: VE02, Name: Amazonas, Location: VEN}
  - {P-Code: VE03, Name: Anzoategui, Location: VEN}
  - {P-Code: VE04, Name: Apure, Location: VEN}
  - {P-Code: VE05, Name: Aragua, Location: VEN}
  - {P-Code: VE06, Name: Barinas, Location: VEN}
  - {P-Code: VE07, Name: Bolivar, Location: VEN}
  - {P-Code: VE08, Name: Carabobo, Location: VEN}
  - {P-Code: VE09, Name: Cojedes, Location: VEN}
  - {P-Code: VE10, Name: Delta Amacuro, Location: VEN}
  - {P-Code: VE11, Name: Falcon, Location: VEN}
  - {P-Code: VE12, Name: Guarico, Location: VEN}
  - {P-Code: VE13, Name: Lara, Location: VEN}
  - {P-Code: VE14, Name: Merida, Location: VEN}
  - {P-Code: VE15, Name: Miranda, Location: VEN}
  - {P-Code: VE16, Name: Monagas, Location: VEN}
  - {P-Code: VE17, Name: Nueva Esparta, Location: VEN}
  - {P-Code: VE18, Name: Portuguesa, Location: VEN}
  - {P-Code: VE19, Name: Sucre, Location: VEN}
  - {P-Code: VE20, Name: Tachira, Location: VEN}
  - {P-Code: VE21, Name: Trujillo, Location: VEN}
  - {P-Code: VE22, Name: Yaracuy, Location: VEN}
  - {P-Code: VE23, Name: Zulia, Location: VEN}
  - {P-Code: VE24, Name: Vargas, Location: VEN}
  - {P-Code: YE11, Name: Ibb, Location: YEM}
  - {P-Code: YE12, Name: Abyan, Location: YEM}
  - {P-Code: YE13, Name: Sanaa City, Location: YEM}
  - {P-Code: YE14, Name: Al Bayda, Location: YEM}
  - {P-Code: YE15, Name: Taiz, Location: YEM}
  - {P-Code: YE16, Name: Al Jawf, Location: YEM}
  - {P-Code: YE17, Name: Hajjah, Location: YEM}
  - {P-Code: YE18, Name: Al Hodeidah, Location: YEM}
  - {P-Code: YE19, Name: Hadramawt, Location: YEM}
  - {P-Code: YE20, Name: Dhamar, Location: YEM}
  - {P-Code: YE21, Name: Shabwah, Location: YEM}
  - {P-Code: YE22, Name: Sadah, Location: YEM}
  - {P-Code: YE23, Name: Sanaa, Location: YEM}
  - {P-Code: YE24, Name: Aden, Location: YEM}
  - {P-Code: YE25, Name: Lahj, Location: YEM}
  - {P-Code: YE26, Name: Marib, Location: YEM}
  - {P-Code: YE27, Name: Al Mahwit, Location: YEM}
  - {P-Code: YE28, Name: Al Maharah, Location: YEM}
  - {P-Code: YE29, Name: Amran, Location: YEM}
  - {P-Code: YE30, Name: Ad Dali, Location: YEM}
  - {P-Code: YE31, Name: Raymah, Location: YEM}
  - {P-Code: YE32, Name: Socotra, Location: YEM}
  - {P-Code: ZW10, Name: Bulawayo, Location: ZWE}
  - {P-Code: ZW11, Name: Manicaland, Location: ZWE}
  - {P-Code: ZW12, Name: Mashonaland Central, Location: ZWE}
  - {P-Code: ZW13, Name: Mashonaland East, Location: ZWE}
  - {P-Code: ZW14, Name: Mashonaland West, Location: ZWE}
  - {P-Code: ZW15, Name: Matabeleland North, Location: ZWE}
  - {P-Code: ZW16, Name: Matabeleland South, Location: ZWE}
  - {P-Code: ZW17, Name: Midlands, Location: ZWE}
  - {P-Code: ZW18, Name: Masvingo, Location: ZWE}
  - {P-Code: ZW19, Name: Harare, Location: ZWE}
  - {P-Code: XYZ123456, Name: Random, Location: XYZ}

countries_fuzzy_try:
  - NER
  - NGA
  - UKR
  - YEM

admin_name_mappings:
  "Nord-Ouest": "HT09"
  "nord-ouest": "HT09"
  "nord-quest": "HT09"
  "north-west": "HT09"
  "Abuja": "NG015"
  "FCT": "NG015"
  "FCT (Abuja)": "NG015"
  "FCT Abuja": "NG015"
  "Abuja FCT": "NG015"
  "C.EST": "BF48"
  "C.NORD": "BF49"
  "C.OUEST": "BF50"
  "C.SUD": "BF51"
  "centre-ouest": "BF50"
  "Centre-Ouest": "BF50"
  "central /south": "BF51"
  "central/south": "BF51"
  "S.OUEST": "BF57"
  "Bas congo": "CD20"
  "Bas-congo": "CD20"
  "bas-congo": "CD20"
  "MUTHANA": "IQG03"
  "Gezira": "SD15"
  "Gazira": "SD15"
  "Hasaka": "SY08"
  "Hassake": "SY08"
  "al-raka": "SY11"
  "al-amana": "YE23"
  "PL.Sool": "SO14"
  "Sc.Mudug": "SO18"
  "Amanat Al Asimah / أمانة العاصمة": "YE13"
  "Juba Dhexe": "SO27"
  "Juba Hoose": "SO28"
  "Shabelle Dhexe": "SO21"
  "Shabelle Hoose": "SO23"
  "ben-gumz": "ET06"
  "Rural-Dam": "SY03"
  "al-qunitara": "SY14"
  "harare /chitungwiza": "ZW19"
  "B MOUHOUN": "BF46"
  "H BASSINS": "BF53"
  "P CENTRAL": "BF55"
  "EXTREME NORD": "CM004"
  "Extreme Nord": "CM004"
  "Extr�me-Nord": "CM004"
  "extreme nord": "CM004"
  "extr�me-nord": "CM004"
  "SAN_ANDRES_ISLAS": "CO88"
  "FCT, Abuja": "NG015"
  "PL.Mudug": "SO18"
  "PL.Sanag": "SO15"
  "DAR SILA": "TD21"
  "Sana'a Govt.": "YE23"
  "DISTRITO CAPITAL": "VE01"
  "Chernigovskaja Oblast": "UA74"
  "Chernіvеtskaja Oblast": "UA73"
  "Crimea": "UA01"
  "Luganskaja Oblast": "UA44"
  "Rovenskaja Oblast": "UA56"
  "Sevastopol City": "UA85"
  "Zapоrіzskaja Oblast": "UA23"
  "CU Niamey": "NER008"

admin_name_replacements:
  " urban": ""
  "sud": "south"
  "ouest": "west"
  "est": "east"
  "nord": "north"
  "'": ""
  "/": " "
  ".": " "
  " region": ""
  " oblast": ""

admin_fuzzy_dont:
  - "YEM|nord"
  - "north"
  - "sud"
  - "south"
  - "est"
  - "east"
  - "ouest"
  - "west"
  - "comoe"
  - "mouhoun"
  - "nahouri"
  - "houet"
  - "nayala"
  - "seno"
  - "soum"
  - "sourou"
  - "yaound�"
  - "katanga"
  - "ta'amem"
  - "sabha"
  - "bago(east)"
  - "bago(west)"
  - "bago (east)"
  - "bago (west)"
  - "dakoro"
  - "mayahi"
  - "tessaoua"
  - "south south"
  - "BET"
  - "b. e. t."
  - "b.e.t."
  - "mayo-kebbi"
  - "mayo kebbi"
  - "desert"
  - "south & east"
  - "menaka"
  - "mordex"
  - "sahil"
  - "say'on"
  - "syria"

admin_info_with_parent:
  - {P-Code: AF0101, Name: Kabul, Location: AFG, Parent P-Code: AF01}
  - {P-Code: AF0102, Name: Paghman, Location: AFG, Parent P-Code: AF01}
  - {P-Code: AF0201, Name: Kabul, Location: AFG, Parent P-Code: AF02}  # testing purposes
